region,subregion,total_ha,wheat_ha,winter_barley_ha,spring_barley_ha,oats_ha,other_cereals_ha,potatoes_ha,sugar_beet_ha,oilseed_rape_ha,other_arable_ha,field_beans_ha,peas_ha,maize_ha,other_crops_ha,fruit_n_veg_ha,flowers_ha,fallow_ha,perm_grassland_ha,temp_grassland_ha,woodland_ha,non_ag_land_ha,wheat_euro,winter_barley_euro,spring_barley_euro,oats_euro,other_cereals_euro,potatoes_euro,sugar_beet_euro,oilseed_rape_euro,other_arable_euro,field_beans_euro,peas_euro,maize_euro,other_crops_euro,fruit_n_veg_euro,flowers_euro,fallow_euro,perm_grassland_euro,temp_grassland_euro,woodland_euro,non_ag_land_euro,wheat_income,winter_barley_income,spring_barley_income,oats_income,other_cereals_income,potatoes_income,sugar_beet_income,oilseed_rape_income,other_arable_income,field_beans_income,peas_income,maize_income,other_crops_income,fruit_n_veg_income,flowers_income,fallow_income,perm_grassland_income,temp_grassland_income,woodland_income,non_ag_land_income,total_income,income_per_ha
East_Midlands,Derby,15.733333333333333,2.6,0,0,0,0,0,0,0,0,0,0,0,0,0,0,0,7.566666666666666,1.1,0.26666666666666666,0.4666666666666667,1564.724286,1201.897486,1201.897486,1075.113528,965.6621062,8151.231953,2668.008173,1435.676398,779.6197144,1140.473682,1140.473682,1522.127816,280.6691635,4281.223206,41479.39473,0,1.245094328,254.4754916,0,0,4068.2831435999997,0,0,0,0,0,0,0,0,0,0,0,0,0,0,0,9.421213748533333,279.92304076,0,0,4357.627398108533,276.96784310011867
East_Midlands,East Derbyshire,58.31827111984283,9.579567779960707,3.4675834970530452,4.726915520628683,0.6424361493123772,0.10412573673870335,0.2357563850687623,0,1.7131630648330058,0,1.899803536345776,0,0,0,0.2043222003929273,0.011787819253438114,0.9783889980353635,25.772102161100197,3.522593320235756,3.2593320235756384,1.0196463654223968,1564.724286,1201.897486,1201.897486,1075.113528,965.6621062,8151.231953,2668.008173,1435.676398,779.6197144,1140.473682,1140.473682,1522.127816,280.6691635,4281.223206,41479.39473,0,1.245094328,254.4754916,0,0,14989.382354687621,4167.6798876031435,5681.267880777996,690.6917950019647,100.55027824872299,1921.7049790962674,0,2459.5477781060904,0,2166.675934172888,0,0,0,874.7489458231827,488.9516078192534,0,32.0886982214224,896.4136668738703,0,0,34469.70380643242,591.0618258143816
East_Midlands,South and West Derbyshire,76.73339703774487,4.108934543717153,1.1806020066889633,1.3435260391782131,0.37362637362637363,0.17152412804586717,0.06497849976110846,0.10033444816053512,0.44672718585762067,0.42474916387959866,0.44481605351170567,0,0.9498327759197325,0.05924510272336359,0.03870043000477783,0,0.2594362159579551,58.23268036311514,3.2216913521261348,4.0224558050645,1.2446249402771141,1564.724286,1201.897486,1201.897486,1075.113528,965.6621062,8151.231953,2668.008173,1435.676398,779.6197144,1140.473682,1140.473682,1522.127816,280.6691635,4281.223206,41479.39473,0,1.245094328,254.4754916,0,0,6429.3496701385575,1418.9625838060203,1614.780568863832,401.6907687032967,165.63435075289058,529.6548235107502,267.6931277257525,641.3556770807454,331.1428218354515,507.30100236120404,0,1445.7668887759198,16.62827342283803,165.68517901863353,0,0,72.50518002435165,819.8414906157668,0,0,14827.99240663601,193.24040090838383
East_Midlands,Nottingham,27.8,0,0,0,0,0,0,0,0,0,0,0,0,0,0,0,0,0,0,0,0,1564.724286,1201.897486,1201.897486,1075.113528,965.6621062,8151.231953,2668.008173,1435.676398,779.6197144,1140.473682,1140.473682,1522.127816,280.6691635,4281.223206,41479.39473,0,1.245094328,254.4754916,0,0,0,0,0,0,0,0,0,0,0,0,0,0,0,0,0,0,0,0,0,0,0,0
East_Midlands,North Nottinghamshire,122.76190476190476,35.24523809523809,6.320238095238095,9.708333333333334,1.792857142857143,1.875,2.947619047619048,4.8654761904761905,3,1.7333333333333334,4.65952380952381,1.1130952380952381,7.213095238095238,0,2.711904761904762,0,3.7583333333333333,17.49404761904762,8.230952380952381,7.341666666666667,2.4464285714285716,1564.724286,1201.897486,1201.897486,1075.113528,965.6621062,8151.231953,2668.008173,1435.676398,779.6197144,1140.473682,1140.473682,1522.127816,280.6691635,4281.223206,41479.39473,0,1.245094328,254.4754916,0,0,55149.08001347142,7596.278277588096,11668.421426583334,1927.524968057143,1810.6164491250001,24026.726566223813,12981.130241727382,4307.029194000001,1351.3408382933335,5314.064275414286,1269.4558246071429,10979.252901361904,0,11610.269599128571,0,0,21.781739464238097,2094.5756534790476,0,0,152107.5479685247,1239.0451929166095
East_Midlands,South Nottinghamshire,89.34562211981567,28.29953917050691,3.889400921658986,6.329493087557604,2.0714285714285716,0.7626728110599078,0.8525345622119815,2.1451612903225805,0.8917050691244239,1.6221198156682028,4.790322580645161,0.4147465437788018,5.317972350230415,0,0.9792626728110599,0,1.652073732718894,17.852534562211982,6.06221198156682,3.3364055299539173,1.9262672811059909,1564.724286,1201.897486,1201.897486,1075.113528,965.6621062,8151.231953,2668.008173,1435.676398,779.6197144,1140.473682,1140.473682,1522.127816,280.6691635,4281.223206,41479.39473,0,1.245094328,254.4754916,0,0,44280.976222700454,4674.661189788018,7607.401829589862,2227.020879428572,736.4842330695852,6949.20696453917,5723.307854983871,1280.199921718894,1264.636587413825,5463.236831516129,473.0075178801843,8094.633639004608,0,4192.442079608295,0,0,22.2280895238341,1542.6843741926268,0,0,94532.12821495793,1058.0499186427621
East_Midlands,Leicester,26.1,0,0,0,0,0,0,0,0,0,0,0,0,0,0,0,0,0,0,0,0,1564.724286,1201.897486,1201.897486,1075.113528,965.6621062,8151.231953,2668.008173,1435.676398,779.6197144,1140.473682,1140.473682,1522.127816,280.6691635,4281.223206,41479.39473,0,1.245094328,254.4754916,0,0,0,0,0,0,0,0,0,0,0,0,0,0,0,0,0,0,0,0,0,0,0,0
East_Midlands,Leicestershire CC and Rutland,93.24897959183673,24.443367346938775,4.245918367346939,4.5653061224489795,4.091326530612245,0.9505102040816327,0.21887755102040815,0.611734693877551,1.1285714285714286,1.7066326530612246,4.5285714285714285,0.5040816326530613,2.3607142857142858,0.24540816326530612,0.21071428571428572,0.02142857142857143,2.081122448979592,28.622448979591837,6.885714285714286,4.341836734693878,1.485204081632653,1564.724286,1201.897486,1201.897486,1075.113528,965.6621062,8151.231953,2668.008173,1435.676398,779.6197144,1140.473682,1140.473682,1522.127816,280.6691635,4281.223206,41479.39473,0,1.245094328,254.4754916,0,0,38247.130519374485,5103.158611475511,5487.029951391837,4398.6405005265315,917.8716856380613,1784.1216876719388,1632.1131629729591,1620.263363457143,1330.5244615653062,5164.716531342858,574.8918356204083,3593.3088799142856,68.8785038997449,902.1148898357142,888.8441727857142,0,35.63764887795919,1752.2455278742857,0,0,73501.49193422474,788.2283780042486
East_Midlands,West Northamptonshire,97.89613970588235,26.53125,4.685661764705882,5.477941176470588,3.4816176470588234,0.47702205882352944,0.1323529411764706,0,3.342830882352941,1.9108455882352942,5.911764705882353,0.29044117647058826,1.8841911764705883,0.06525735294117647,0.31525735294117646,0,1.9420955882352942,30,5.5661764705882355,3.707720588235294,2.1479779411764706,1564.724286,1201.897486,1201.897486,1075.113528,965.6621062,8151.231953,2668.008173,1435.676398,779.6197144,1140.473682,1140.473682,1522.127816,280.6691635,4281.223206,41479.39473,0,1.245094328,254.4754916,0,0,41514.0912129375,5631.685095246324,6583.923728455882,3743.134231676471,460.64212602738974,1078.8395231911766,0,4799.223400299633,1489.7328917625,6742.212061235295,331.2405179338236,2867.979800367647,18.315726662224268,1349.6870952738968,0,0,37.35282984,1416.4554936852942,0,0,78064.51573459506,797.4217979292226
East_Midlands,North Northamptonshire,139.44894026974953,49.09633911368015,8.323699421965317,9.154142581888246,3.2832369942196533,0.5163776493256262,0.23892100192678228,0.4605009633911368,7.069364161849711,3.0616570327552988,8.739884393063583,0,1.3988439306358382,0.29672447013487474,0.7225433526011561,0,4.252408477842004,27.423892100192678,4.6801541425818884,6.753371868978806,3.3448940269749516,1564.724286,1201.897486,1201.897486,1075.113528,965.6621062,8151.231953,2668.008173,1435.676398,779.6197144,1140.473682,1140.473682,1522.127816,280.6691635,4281.223206,41479.39473,0,1.245094328,254.4754916,0,0,76822.23416486704,10004.233409479768,11002.340955657033,3529.852508115607,498.6463284423893,1947.5005051483624,1228.6203340019267,10149.319276034683,2386.9281814674378,9967.608134011562,0,2129.219257063584,83.28140882273603,3093.36936849711,0,0,34.14533250563391,1190.9845261973026,0,0,134068.28369031218,961.4148621780199
East_Midlands,Lincolnshire,175.36539136539136,64.56019656019656,7.401544401544402,15.186732186732186,3.073008073008073,1.5222885222885223,4.120744120744121,6.374868374868375,9.022464022464023,2.7416637416637415,9.343278343278342,4.5300105300105304,4.8729378729378725,0.48473148473148475,7.9041769041769046,1.1074061074061075,4.070902070902071,16.159705159705158,6.03966303966304,4.182520182520182,2.6669006669006667,1564.724286,1201.897486,1201.897486,1075.113528,965.6621062,8151.231953,2668.008173,1435.676398,779.6197144,1140.473682,1140.473682,1522.127816,280.6691635,4281.223206,41479.39473,0,1.245094328,254.4754916,0,0,101018.9074666732,8895.89760873359,18252.8952357887,3303.832550944191,1470.0163406772201,33589.141147146365,17008.20092594805,12953.33864885574,2137.4551032567215,10655.763054109511,5166.357788659881,7417.234282038609,136.04918034169887,33839.5455864914,45934.53505551071,0,20.120357236501228,1536.9462211166024,0,0,303336.2365535287,1729.7383149078557
East_of_England,Peterborough,142.42944785276075,53.760736196319016,5.049079754601227,10.865030674846626,2.7607361963190185,2.1901840490797544,4.153374233128834,8.337423312883436,7.03680981595092,1.2883435582822085,8.263803680981596,1.950920245398773,5.4969325153374236,0,3.147239263803681,0,3.4171779141104293,14.245398773006135,3.331288343558282,3.4723926380368098,3.625766871165644,1552.313311,1125.692341,1125.692341,1075.113528,965.6621062,8151.231953,2668.008173,1435.676398,779.6197144,1140.473682,1140.473682,1522.127816,280.6691635,4281.223206,41479.39473,0,1.245094328,254.4754916,0,0,83453.50640670552,5683.71040885276,12230.681815404907,2968.104831901841,2114.9777418,33855.11676184662,22244.313540533745,10102.58176997546,1004.4180369570552,9424.650611374234,2224.9731955582824,8367.033884269938,0,13474.033771030674,0,0,17.736865212368098,847.7312388883436,0,0,208013.57088031174,1460.467438554911
East_of_England,Cambridgeshire CC,149.779012345679,59.3716049382716,7.75,10.637654320987654,3.0598765432098767,0.8512345679012345,4.575925925925926,7.808024691358025,6.385185185185185,2.3469135802469134,6.5092592592592595,2.049382716049383,4.06358024691358,0.23271604938271606,4.4450617283950615,0.05123456790123457,4.226543209876543,15.52716049382716,3.8444444444444446,3.397530864197531,2.6462962962962964,1552.313311,1125.692341,1125.692341,1075.113528,965.6621062,8151.231953,2668.008173,1435.676398,779.6197144,1140.473682,1140.473682,1522.127816,280.6691635,4281.223206,41479.39473,0,1.245094328,254.4754916,0,0,92163.33264111234,8724.11564275,11974.725995341356,3289.714665614815,822.004965709753,37299.43362196852,20831.873691529014,9167.05966722963,1829.7000951535802,7423.6388745,2337.267052,6185.288526375309,65.31621891327161,19030.301423707406,2125.178865796296,0,19.332779460809878,978.3168899288889,0,0,224266.601617091,1497.316600669659
East_of_England,Suffolk,139.09985666507404,42.747252747252745,8.694696607740086,11.122312470138557,1.5824175824175823,2.0081223124701384,3.3827042522694697,7.138557095078834,8.029144768275202,1.906832298136646,3.810320114667941,1.778786430960344,3.409937888198758,0.3521261347348304,4.188246536072623,0.058767319636884856,4.795031055900621,18.279025322503582,4.471094123268037,8.0382226469183,3.3067367415193503,1552.313311,1125.692341,1125.692341,1075.113528,965.6621062,8151.231953,2668.008173,1435.676398,779.6197144,1140.473682,1140.473682,1522.127816,280.6691635,4281.223206,41479.39473,0,1.245094328,254.4754916,0,0,66357.12944824176,9787.553378651695,12520.301961843763,1701.2785498021979,1939.1676217671284,27573.206988647875,19045.72867309747,11527.253639937888,1486.6040516819876,4345.569810774009,2028.6591104089825,5190.361310459627,98.83094768251316,17930.818262683228,2437.632848442427,0,22.75911075041758,1137.7838750085045,0,0,185130.63958988147,1330.918981718585
East_of_England,Norwich and East Norfolk,111.72916666666667,17.38125,11.145833333333334,10.789583333333333,0.3541666666666667,1.2625,4.7375,9.654166666666667,5.235416666666667,1.4458333333333333,0.95,2.2604166666666665,3.6979166666666665,0.28125,1.4666666666666666,0.07916666666666666,2.308333333333333,25.266666666666666,3.464583333333333,6.7625,3.185416666666667,1552.313311,1125.692341,1125.692341,1075.113528,965.6621062,8151.231953,2668.008173,1435.676398,779.6197144,1140.473682,1140.473682,1522.127816,280.6691635,4281.223206,41479.39473,0,1.245094328,254.4754916,0,0,26981.145736818755,12546.779217395833,12145.751320914582,380.7693745,1219.1484090775,38616.4613773375,25757.395570170836,7516.364142029167,1127.2001704033332,1083.4499979,2577.9457186875,5628.7018195833325,78.93820223437501,6279.127368799999,3283.7854161249998,0,31.459383354133333,881.6515469391666,0,0,146136.074772271,1307.9492054948737
East_of_England,North and West Norfolk,181.84220183486238,40.59449541284404,12.087155963302752,19.76788990825688,1.193577981651376,1.81651376146789,9.022935779816514,17.66605504587156,6.394495412844036,2.281651376146789,3.114678899082569,3.9201834862385323,5.381651376146789,0.3651376146788991,5.602752293577981,0.26788990825688075,7.101834862385321,22.241284403669724,7.5926605504587155,10.406422018348623,5.022935779816514,1552.313311,1125.692341,1125.692341,1075.113528,965.6621062,8151.231953,2668.008173,1435.676398,779.6197144,1140.473682,1140.473682,1522.127816,280.6691635,4281.223206,41479.39473,0,1.245094328,254.4754916,0,0,63015.37558268625,13606.418892362384,22252.56226745596,1283.2318347963303,1754.138504840367,73548.04243830734,47133.17924705321,9180.426141339449,1778.8203942319267,3552.209312284404,4470.866094666056,8191.561255647706,102.48286887431195,23986.633136735774,11111.911248770642,0,27.692497058444033,1932.1460261299083,0,0,286927.69774324045,1577.8938818823262
East_of_England,Breckland and South Norfolk,135.02029664324746,31.459797033567526,9.597189695550352,11.330210772833723,1.185792349726776,2.3856362217017955,3.1147540983606556,6.7236533957845435,6.991412958626073,1.8657298985167838,2.7462919594067134,2.2131147540983607,6.665886026541764,0.36143637782982047,3.6682279469164714,0.0468384074941452,4.682279469164715,22.730679156908664,6.636221701795472,8.008587041373927,2.6049960967993755,1552.313311,1125.692341,1125.692341,1075.113528,965.6621062,8151.231953,2668.008173,1435.676398,779.6197144,1140.473682,1140.473682,1522.127816,280.6691635,4281.223206,41479.39473,0,1.245094328,254.4754916,0,0,48835.46169656519,10803.482935405153,12754.331488894613,1274.861396590164,2303.718498475566,25389.083132295083,17938.762212372367,10037.406573370805,1454.5598106291961,3132.0737027915693,2523.9991322950823,10146.330539284932,101.44404582396567,15704.502611236532,1942.828792974239,0,28.3018396898548,1688.7557799309914,0,0,166059.9041886253,1229.8884561584925
East_of_England,Luton,21.666666666666668,0,0,0,0,0,0,0,0,0,0,0,0,0,0,0,0,0,0,0,0,1552.313311,1125.692341,1125.692341,1075.113528,965.6621062,8151.231953,2668.008173,1435.676398,779.6197144,1140.473682,1140.473682,1522.127816,280.6691635,4281.223206,41479.39473,0,1.245094328,254.4754916,0,0,0,0,0,0,0,0,0,0,0,0,0,0,0,0,0,0,0,0,0,0,0,0
East_of_England,Hertfordshire,133.59722222222223,43.75,7.688888888888889,7.361111111111111,6.375,0.7833333333333333,0.1111111111111111,1.7638888888888888,5.413888888888889,2.5166666666666666,5.186111111111111,1.7305555555555556,1.6055555555555556,1.0763888888888888,0.35138888888888886,0.18472222222222223,4.536111111111111,23.905555555555555,7.358333333333333,9.430555555555555,2.4694444444444446,1552.313311,1125.692341,1125.692341,1075.113528,965.6621062,8151.231953,2668.008173,1435.676398,779.6197144,1140.473682,1140.473682,1522.127816,280.6691635,4281.223206,41479.39473,0,1.245094328,254.4754916,0,0,67913.70735625,8655.323333022223,8286.346399027778,6853.848741000001,756.4353165233333,905.6924392222222,4706.069971819445,7772.592499172222,1962.0429479066668,5914.62323415,1973.6530663500002,2443.8607712444445,302.1091690451389,1504.3742654416665,7662.165970958334,0,29.76467162991111,1872.5154923566668,0,0,129515.12564512005,969.4447496048075
East_of_England,Bedford,130.44230769230768,58.11538461538461,5.6692307692307695,7.611538461538461,3.8615384615384616,0.9230769230769231,0,0,5.607692307692307,2.1846153846153844,10.23076923076923,1.126923076923077,0.3230769230769231,0.7115384615384616,0.6961538461538461,0,5.076923076923077,14.323076923076924,5.365384615384615,5.75,2.453846153846154,1552.313311,1125.692341,1125.692341,1075.113528,965.6621062,8151.231953,2668.008173,1435.676398,779.6197144,1140.473682,1140.473682,1522.127816,280.6691635,4281.223206,41479.39473,0,1.245094328,254.4754916,0,0,90213.28511234616,6381.809656284616,8568.250549380768,4151.592238892308,891.380405723077,0,0,8050.8314934,1703.1692222276922,11667.923054307692,1285.2261108692308,491.76437132307694,199.70690479807695,2980.3900010999996,0,0,17.83358183643077,1365.3588876230767,0,0,137968.5215901122,1057.6976445062414
East_of_England,Central Bedfordshire,106.11946902654867,36.52433628318584,4.845132743362832,8.949115044247788,3.7942477876106193,1.1460176991150441,0.38716814159292035,0.7942477876106194,2.079646017699115,2.743362831858407,4.261061946902655,1.163716814159292,1.7566371681415929,0.2411504424778761,1.323008849557522,0.07079646017699115,3.9601769911504423,17.413716814159294,4.889380530973451,7.254424778761062,2.524336283185841,1552.313311,1125.692341,1125.692341,1075.113528,965.6621062,8151.231953,2668.008173,1435.676398,779.6197144,1140.473682,1140.473682,1522.127816,280.6691635,4281.223206,41479.39473,0,1.245094328,254.4754916,0,0,56697.213387829644,5454.128820331858,10073.95026403761,4079.247125044248,1106.6658650699114,3155.8973269358407,2119.059588732301,2985.69870380531,2138.7797474690265,4859.629007814159,1327.1883998495575,2673.8262962477875,67.68349296792036,5664.096188469026,2936.5943171681415,0,21.681720034707965,1244.227514238938,0,0,106605.56776604599,1004.580674441329
East_of_England,Southend-on-Sea,46.57142857142857,0,0,0,0,0,0,0,0,0,0,0,0,0,0,0,0,0,0,0,0,1552.313311,1125.692341,1125.692341,1075.113528,965.6621062,8151.231953,2668.008173,1435.676398,779.6197144,1140.473682,1140.473682,1522.127816,280.6691635,4281.223206,41479.39473,0,1.245094328,254.4754916,0,0,0,0,0,0,0,0,0,0,0,0,0,0,0,0,0,0,0,0,0,0,0,0
East_of_England,Thurrock,136.23076923076923,52.30769230769231,0,8.461538461538462,0,0,0,0,0,0,0,0,0,0,1.25,0,4.076923076923077,25.26923076923077,0,2.25,8.26923076923077,1552.313311,1125.692341,1125.692341,1075.113528,965.6621062,8151.231953,2668.008173,1435.676398,779.6197144,1140.473682,1140.473682,1522.127816,280.6691635,4281.223206,41479.39473,0,1.245094328,254.4754916,0,0,81197.92703692308,0,9525.089039230768,0,0,0,0,0,0,0,0,0,0,5351.529007499999,0,0,31.462575903692308,0,0,0,96106.00765955754,705.4647654287115
East_of_England,Essex Haven Gateway,128.29873772791024,47.94950911640954,7.2187938288920055,8.85413744740533,2.2875175315568024,1.5245441795231416,2.4628330995792425,2.378681626928471,5.9326788218793824,4.346423562412342,3.9214586255259465,1.7040673211781205,2.654978962131837,0.17391304347826086,2.0715287517531555,0.6157082748948106,4.354838709677419,15.980364656381486,4.387096774193548,5.984572230014026,3.4964936886395512,1552.313311,1125.692341,1125.692341,1075.113528,965.6621062,8151.231953,2668.008173,1435.676398,779.6197144,1140.473682,1140.473682,1522.127816,280.6691635,4281.223206,41479.39473,0,1.245094328,254.4754916,0,0,74432.66125731838,8126.140924441795,9967.03471070547,2459.3410437138855,1472.1945433932678,20075.123856196355,6346.3420216100985,8517.406961486677,3388.557496389341,4472.320357464236,1943.4439321598877,4041.2173291556796,48.81202843478261,8868.676963901822,25539.206572889198,0,19.897061393032256,1116.4086083096772,0,0,180834.7856689636,1409.482188768445
East_of_England,West Essex,144.52529182879377,63.82879377431907,7.865758754863813,9.88910505836576,4.122568093385214,0,0.8793774319066148,1.38715953307393,9.486381322957198,3.5739299610894943,8.859922178988327,1.6906614785992218,1.359922178988327,0,0.22762645914396887,0.30739299610894943,4.558365758754864,11.972762645914397,3.7159533073929962,8.573929961089494,1.8093385214007782,1552.313311,1125.692341,1125.692341,1075.113528,965.6621062,8151.231953,2668.008173,1435.676398,779.6197144,1140.473682,1140.473682,1522.127816,280.6691635,4281.223206,41479.39473,0,1.245094328,254.4754916,0,0,99082.28620094943,8854.42438650389,11132.089823546692,4432.228727299611,0,7168.009421704281,3700.952971496109,13619.373767797666,2786.3062555501947,10104.508069704281,1928.1549215136188,2069.975376233463,0,974.5196791867703,12750.475422840467,0,14.907218860918288,945.6190446614786,0,0,179563.83128784888,1242.438807877047
East_of_England,Heart of Essex,165.13555555555556,49.333333333333336,5.826666666666667,6.753333333333333,1.8511111111111112,0.22666666666666666,0.6822222222222222,0,8.02,2.897777777777778,5.657777777777778,1.7755555555555556,1.5555555555555556,4.486666666666666,1.2644444444444445,0,2.811111111111111,57.544444444444444,5.786666666666667,4.92,2.94,1552.313311,1125.692341,1125.692341,1075.113528,965.6621062,8151.231953,2668.008173,1435.676398,779.6197144,1140.473682,1140.473682,1522.127816,280.6691635,4281.223206,41479.39473,0,1.245094328,254.4754916,0,0,76580.79000933334,6559.034040226667,7602.175609553333,1990.1545973866669,218.88341073866667,5560.951576824445,0,11514.12471196,2259.1646835057777,6452.54665416,2024.9743820400001,2367.7543804444445,1259.2689802366667,5413.368898253333,0,0,71.64826138568888,1472.5648447253334,0,0,131347.40504077438,795.3914261461758
East_of_England,Essex Thames Gateway,135.36697247706422,43.403669724770644,4.256880733944954,12.064220183486238,0,0,0,0,6.26605504587156,0,7.458715596330276,0,0,0,0.23853211009174313,0,6.1192660550458715,30.46788990825688,6.532110091743119,5.10091743119266,6.128440366972477,1552.313311,1125.692341,1125.692341,1075.113528,965.6621062,8151.231953,2668.008173,1435.676398,779.6197144,1140.473682,1140.473682,1522.127816,280.6691635,4281.223206,41479.39473,0,1.245094328,254.4754916,0,0,67376.09426000918,4791.938038752293,13580.600260688072,0,0,0,0,8996.027337926605,0,8506.468839137615,0,0,0,1021.2092051009174,0,0,37.93539691089908,1662.2619267816513,0,0,105972.53526530723,782.8537000283625
London,Tower Hamlets,NA,NA,NA,NA,NA,NA,NA,NA,NA,NA,NA,NA,NA,NA,NA,NA,NA,NA,NA,NA,NA,1601.028722,1174.488275,1174.488275,1075.113528,965.6621062,8151.231953,2668.008173,1435.676398,779.6197144,1140.473682,1140.473682,1522.127816,280.6691635,4281.223206,41479.39473,0,1.245094328,254.4754916,0,0,NA,NA,NA,NA,NA,NA,NA,NA,NA,NA,NA,NA,NA,NA,NA,NA,NA,NA,NA,NA,0,NA
London,Hackney and Newham,NA,NA,NA,NA,NA,NA,NA,NA,NA,NA,NA,NA,NA,NA,NA,NA,NA,NA,NA,NA,NA,1601.028722,1174.488275,1174.488275,1075.113528,965.6621062,8151.231953,2668.008173,1435.676398,779.6197144,1140.473682,1140.473682,1522.127816,280.6691635,4281.223206,41479.39473,0,1.245094328,254.4754916,0,0,NA,NA,NA,NA,NA,NA,NA,NA,NA,NA,NA,NA,NA,NA,NA,NA,NA,NA,NA,NA,0,NA
London,Bexley and Greenwich,21.166666666666668,0,0,0,0,0,0,0,0,0,0,0,0,0,0,0,0,12.5,0,0,1.1666666666666667,1601.028722,1174.488275,1174.488275,1075.113528,965.6621062,8151.231953,2668.008173,1435.676398,779.6197144,1140.473682,1140.473682,1522.127816,280.6691635,4281.223206,41479.39473,0,1.245094328,254.4754916,0,0,0,0,0,0,0,0,0,0,0,0,0,0,0,0,0,0,15.5636791,0,0,0,15.5636791,0.735291925984252
London,Barking & Dagenham and Havering,53.333333333333336,14.066666666666666,0,0,0,0,0,0,0,1.4444444444444444,0,0,0,0,0,0,2.422222222222222,16.755555555555556,4.2,2.2666666666666666,2.7777777777777777,1601.028722,1174.488275,1174.488275,1075.113528,965.6621062,8151.231953,2668.008173,1435.676398,779.6197144,1140.473682,1140.473682,1522.127816,280.6691635,4281.223206,41479.39473,0,1.245094328,254.4754916,0,0,22521.137356133335,0,0,0,0,0,0,0,1126.1173652444445,0,0,0,0,0,0,0,20.862247184711112,1068.79706472,0,0,24736.91403328249,463.81713812404666
London,Redbridge and Waltham Forest,126.625,0,0,0,0,0,0,0,0,0,0,0,0,0,0,0,0,42.125,0,0,7.25,1601.028722,1174.488275,1174.488275,1075.113528,965.6621062,8151.231953,2668.008173,1435.676398,779.6197144,1140.473682,1140.473682,1522.127816,280.6691635,4281.223206,41479.39473,0,1.245094328,254.4754916,0,0,0,0,0,0,0,0,0,0,0,0,0,0,0,0,0,0,52.449598566999995,0,0,0,52.449598566999995,0.41421203211845997
London,Enfield,96.91666666666667,0,0,0,0,0,0,0,0,0,0,0,0,0,0,0,0,33.5,12.416666666666666,1.3333333333333333,1.6666666666666667,1601.028722,1174.488275,1174.488275,1075.113528,965.6621062,8151.231953,2668.008173,1435.676398,779.6197144,1140.473682,1140.473682,1522.127816,280.6691635,4281.223206,41479.39473,0,1.245094328,254.4754916,0,0,0,0,0,0,0,0,0,0,0,0,0,0,0,0,0,0,41.710659987999996,3159.7373540333333,0,0,3201.448014021333,33.03299756513843
London,Bromley,55.127272727272725,10.327272727272728,2.309090909090909,0,0,0,0,0,0,0.4727272727272727,3.4545454545454546,0,0,0,0,0,0.4909090909090909,23.01818181818182,2.618181818181818,6.109090909090909,0.6,1601.028722,1174.488275,1174.488275,1075.113528,965.6621062,8151.231953,2668.008173,1435.676398,779.6197144,1140.473682,1140.473682,1522.127816,280.6691635,4281.223206,41479.39473,0,1.245094328,254.4754916,0,0,16534.26025629091,2712.0001986363636,0,0,0,0,0,0,368.5475013527273,3939.8181741818184,0,0,0,0,0,0,28.65980762269091,666.26310528,0,0,24249.54904336451,439.88298066789184
London,Croydon,36,0,0,0,0,0,0,0,0,0,0,0,0,0,0,0,0,18.25,0,8.416666666666666,1,1601.028722,1174.488275,1174.488275,1075.113528,965.6621062,8151.231953,2668.008173,1435.676398,779.6197144,1140.473682,1140.473682,1522.127816,280.6691635,4281.223206,41479.39473,0,1.245094328,254.4754916,0,0,0,0,0,0,0,0,0,0,0,0,0,0,0,0,0,0,22.722971486,0,0,0,22.722971486,0.6311936523888888
London,"Merton, Kingston upon Thames and Sutton",63.22222222222222,0,0,0,0,0,0,0,0,0,0,0,0,0,0,0,0,27.11111111111111,0,4,13,1601.028722,1174.488275,1174.488275,1075.113528,965.6621062,8151.231953,2668.008173,1435.676398,779.6197144,1140.473682,1140.473682,1522.127816,280.6691635,4281.223206,41479.39473,0,1.245094328,254.4754916,0,0,0,0,0,0,0,0,0,0,0,0,0,0,0,0,0,0,33.75589067022222,0,0,0,33.75589067022222,0.5339244569982425
London,Barnet,49.1,0,0,0,0,0,0,0,0,0,0,0,0,0,0,0,0,38.3,0,1.4,0.7,1601.028722,1174.488275,1174.488275,1075.113528,965.6621062,8151.231953,2668.008173,1435.676398,779.6197144,1140.473682,1140.473682,1522.127816,280.6691635,4281.223206,41479.39473,0,1.245094328,254.4754916,0,0,0,0,0,0,0,0,0,0,0,0,0,0,0,0,0,0,47.6871127624,0,0,0,47.6871127624,0.9712242925132383
London,Brent,NA,NA,NA,NA,NA,NA,NA,NA,NA,NA,NA,NA,NA,NA,NA,NA,NA,NA,NA,NA,NA,1601.028722,1174.488275,1174.488275,1075.113528,965.6621062,8151.231953,2668.008173,1435.676398,779.6197144,1140.473682,1140.473682,1522.127816,280.6691635,4281.223206,41479.39473,0,1.245094328,254.4754916,0,0,NA,NA,NA,NA,NA,NA,NA,NA,NA,NA,NA,NA,NA,NA,NA,NA,NA,NA,NA,NA,0,NA
London,Ealing,NA,NA,NA,NA,NA,NA,NA,NA,NA,NA,NA,NA,NA,NA,NA,NA,NA,NA,NA,NA,NA,1601.028722,1174.488275,1174.488275,1075.113528,965.6621062,8151.231953,2668.008173,1435.676398,779.6197144,1140.473682,1140.473682,1522.127816,280.6691635,4281.223206,41479.39473,0,1.245094328,254.4754916,0,0,NA,NA,NA,NA,NA,NA,NA,NA,NA,NA,NA,NA,NA,NA,NA,NA,NA,NA,NA,NA,0,NA
London,Harrow and Hillingdon,56.56,0,0,0,0,0,0,0,0,0,0,0,0,0,0,0,0,39.12,0,2.48,3.16,1601.028722,1174.488275,1174.488275,1075.113528,965.6621062,8151.231953,2668.008173,1435.676398,779.6197144,1140.473682,1140.473682,1522.127816,280.6691635,4281.223206,41479.39473,0,1.245094328,254.4754916,0,0,0,0,0,0,0,0,0,0,0,0,0,0,0,0,0,0,48.708090111359994,0,0,0,48.708090111359994,0.8611755677397452
London,Hounslow and Richmond upon Thames,57,0,0,0,0,0,0,0,0,0,0,0,0,0,0,0,0,28,0,0,9,1601.028722,1174.488275,1174.488275,1075.113528,965.6621062,8151.231953,2668.008173,1435.676398,779.6197144,1140.473682,1140.473682,1522.127816,280.6691635,4281.223206,41479.39473,0,1.245094328,254.4754916,0,0,0,0,0,0,0,0,0,0,0,0,0,0,0,0,0,0,34.862641184,0,0,0,34.862641184,0.6116252839298245
North_East,Hartlepool and Stockton-on-Tees,76.33333333333333,24.225806451612904,4.360215053763441,6.059139784946237,1.586021505376344,0,0,0.1989247311827957,4.451612903225806,0.44623655913978494,2.4086021505376345,0,0,0,0,0,1.8548387096774193,19.827956989247312,6.026881720430108,1.618279569892473,2.661290322580645,1618.673526,1270.849817,1270.849817,1063.3757,965.6621062,5987.8598,2668.008173,1457.738153,779.6197144,1149.955282,1149.955282,1522.127816,280.6691635,2646.249651,41479.39473,0,1.245094328,254.4754916,0,0,39213.67154922581,5541.178503155914,7700.256686876345,1686.5367284946237,0,0,530.7328086075269,6489.285971419355,347.8948187913978,2769.7847652473115,0,0,0,0,0,0,24.687676783139786,1533.6936886215055,0,0,65837.72319722292,862.5029239810864
North_East,South Teesside,84.17901234567901,17.271604938271604,5.691358024691358,3.9135802469135803,0,0,0,0,3.765432098765432,0.3888888888888889,2.814814814814815,0,0,0,0.16049382716049382,0,1.6049382716049383,34.358024691358025,5.549382716049383,5.419753086419753,1.4320987654320987,1618.673526,1270.849817,1270.849817,1063.3757,965.6621062,5987.8598,2668.008173,1457.738153,779.6197144,1149.955282,1149.955282,1522.127816,280.6691635,2646.249651,41479.39473,0,1.245094328,254.4754916,0,0,27957.08966511111,7232.861304160495,4973.572740604938,0,0,0,0,5489.014032901235,303.1854444888889,3236.911164148148,0,0,0,424.7067341111111,0,0,42.77898166449383,1412.18189474321,0,0,51072.301961933634,606.7106341448448
North_East,Darlington,73.51336898395722,19.609625668449198,5.572192513368984,6.657754010695188,2.443850267379679,0.7914438502673797,0,0.1657754010695187,3.4171122994652405,0.786096256684492,2.427807486631016,0,0,0,0,0,1.625668449197861,18.919786096256683,7.294117647058823,2.106951871657754,0.9411764705882353,1618.673526,1270.849817,1270.849817,1063.3757,965.6621062,5987.8598,2668.008173,1457.738153,779.6197144,1149.955282,1149.955282,1522.127816,280.6691635,2646.249651,41479.39473,0,1.245094328,254.4754916,0,0,31741.58192428877,7081.419835903744,8461.005466122995,2598.7309887700535,764.2673353882353,0,442.2901249358289,4981.254972016042,612.8561391272727,2791.870042930481,0,0,0,0,0,0,23.556918355422457,1856.1741740235293,0,0,61355.00792186237,834.6102045092211
North_East,Durham CC,113.5789817232376,9.150130548302872,3.643603133159269,2.8988250652741514,1.1631853785900783,0.1618798955613577,0.11945169712793734,0,2.3851174934725847,0.4308093994778068,0.5776762402088773,0.10248041775456919,0.1122715404699739,0.04960835509138381,0.12532637075718014,0,1.0319843342036554,81.88185378590079,3.7885117493472587,4.607049608355092,1.3120104438642297,1618.673526,1270.849817,1270.849817,1063.3757,965.6621062,5987.8598,2668.008173,1457.738153,779.6197144,1149.955282,1149.955282,1522.127816,280.6691635,2646.249651,41479.39473,0,1.245094328,254.4754916,0,0,14811.074077981724,4630.472374996084,3683.9713037186684,1236.9030661879897,156.32128089921673,715.2600152741514,0,3476.876769622715,335.86750098172325,664.3018437140992,117.84789769843341,170.89163469451697,13.923535526109662,331.6448648772846,0,0,101.95063171495039,964.0833898475196,0,0,31411.390187735185,276.5598855629518
North_East,Northumberland,221.26389668725434,19.989331836047164,7.641212801796743,6.00393037619315,4.13700168444694,0.4098820887142055,0.4738910724312184,0.1111734980348119,6.822571588994947,1.1083660864682763,2.0145985401459856,0.6979225154407637,0,0.34081976417742843,0.35036496350364965,0,2.7877596855699047,144.8102189781022,9.064008983717013,10.846715328467154,3.391914654688377,1618.673526,1270.849817,1270.849817,1063.3757,965.6621062,5987.8598,2668.008173,1457.738153,779.6197144,1149.955282,1149.955282,1522.127816,280.6691635,2646.249651,41479.39473,0,1.245094328,254.4754916,0,0,32356.20224543852,9710.833890821448,7630.093819865806,4399.187062099943,395.80760108141493,2837.5933021897813,296.6118013778776,9945.52290685177,864.1040517830432,2316.698232350365,802.5796830578327,0,95.65759811594612,927.1531623941606,0,0,180.302382286073,2306.5681419982034,0,0,75064.91588171218,339.2551473854442
North_East,Tyneside,69.08588957055214,13.803680981595091,5.251533742331288,4.171779141104294,2.3067484662576687,0,0,0,2.8098159509202456,1.4110429447852761,0,0,0,0,0.06134969325153374,0,2.4049079754601226,25.061349693251532,4.705521472392638,2.932515337423313,1.5889570552147239,1618.673526,1270.849817,1270.849817,1063.3757,965.6621062,5987.8598,2668.008173,1457.738153,779.6197144,1149.955282,1149.955282,1522.127816,280.6691635,2646.249651,41479.39473,0,1.245094328,254.4754916,0,0,22343.65296625767,6673.910695411043,5301.70475803681,2452.940265030675,0,0,0,4095.9759145644175,1100.076897619632,0,0,0,0,162.34660435582822,0,0,31.203744355092024,1197.4398899214723,0,0,43359.251735552636,627.613713959247
North_East,Sunderland,53.44444444444444,17.26984126984127,5.333333333333333,2.365079365079365,0,0,0,0,2.857142857142857,0.4603174603174603,0,0,0,0,0,0,2.0952380952380953,12.857142857142858,2.5873015873015874,2.9682539682539684,1.2857142857142858,1618.673526,1270.849817,1270.849817,1063.3757,965.6621062,5987.8598,2668.008173,1457.738153,779.6197144,1149.955282,1149.955282,1522.127816,280.6691635,2646.249651,41479.39473,0,1.245094328,254.4754916,0,0,27954.234861714285,6777.8656906666665,3005.6606783015873,0,0,0,0,4164.966151428572,358.8725669460317,0,0,0,0,0,0,0,16.008355645714285,658.4048433460317,0,0,42936.013148048885,803.3765453896881
North_West,West Cumbria,104.72920461445051,1.0698239222829387,1.2410443230115362,3.0145719489981784,0.07225258044930176,0.1621129326047359,0.05768063145112325,0.037037037037037035,0.20279295689131754,0.24772313296903462,0,0,0.3879781420765027,0,0.08439587128111718,0,0.0989678202792957,85.421372191864,5.891317547055252,4.330297510625379,2.384335154826958,1493.89077,1170.773031,1170.773031,1063.3757,965.6621062,5987.8598,2668.008173,1457.738153,779.6197144,1149.955282,1149.955282,1522.127816,280.6691635,2646.249651,41479.39473,0,1.245094328,254.4754916,0,0,1598.2000830236793,1452.9812236575592,3529.3795378961745,76.83163831208257,156.54631594134793,345.3835343047966,98.81511751851852,295.61903042015786,193.129838175592,0,0,590.5523220546447,0,223.33254492349727,0,0,106.35766600606678,1499.1959289585914,0,0,10166.324781192709,97.07249108421054
North_West,East Cumbria,114.43048815301171,0.8324293462746217,0.9646017699115044,1.9688838138738225,0.14644590351127604,0.14787325149871539,0.044818726805595205,0.16785612332286612,0.13873822437910363,0.15729374821581502,0.035112760491007707,0,0.4441906936911219,0.011989723094490437,0.0676562946046246,0,0.11133314302026834,97.06023408506994,4.737082500713674,5.811875535255496,1.5812161004852983,1493.89077,1170.773031,1170.773031,1063.3757,965.6621062,5987.8598,2668.008173,1457.738153,779.6197144,1149.955282,1149.955282,1522.127816,280.6691635,2646.249651,41479.39473,0,1.245094328,254.4754916,0,0,1243.5585170767913,1129.3297378672564,2305.1160704558947,155.72701515843562,142.7955954928918,268.36825252640597,447.84150891350276,202.2440029568941,122.62930706091922,40.37810439223522,0,676.1150104755924,3.3651455515272626,179.03544598544104,0,0,120.84914693367284,1205.4713981188695,0,0,8242.82425896633,72.03346234042422
North_West,Manchester,15.125,0,0,0,0,0,0,0,0,0,0,0,0,0,0,0,0,12.5,0,0,0,1493.89077,1170.773031,1170.773031,1063.3757,965.6621062,5987.8598,2668.008173,1457.738153,779.6197144,1149.955282,1149.955282,1522.127816,280.6691635,2646.249651,41479.39473,0,1.245094328,254.4754916,0,0,0,0,0,0,0,0,0,0,0,0,0,0,0,0,0,0,15.5636791,0,0,0,15.5636791,1.029003576859504
North_West,Greater Manchester South West,55.27160493827161,8.024691358024691,2.197530864197531,7.098765432098766,1.2592592592592593,0,1.6419753086419753,0,0,0.5185185185185185,0,0,0,0,0.9753086419753086,0,1.8148148148148149,16.62962962962963,7.0246913580246915,4.320987654320987,1.4938271604938271,1493.89077,1170.773031,1170.773031,1063.3757,965.6621062,5987.8598,2668.008173,1457.738153,779.6197144,1149.955282,1149.955282,1522.127816,280.6691635,2646.249651,41479.39473,0,1.245094328,254.4754916,0,0,11988.012351851852,2572.8098705925927,8311.043121296296,1339.0656962962964,0,9831.917943209877,0,0,404.2472593185185,0,0,0,0,2580.9101534444444,0,0,20.705457528592593,1787.611786671605,0,0,38836.323640210074,702.6451228181853
North_West,Greater Manchester South East,38.93197278911565,0,0,0,0,0,0,0,0,0,0,0,0,0,0,0,0,34.27210884353742,0.21768707482993196,3.3537414965986394,0.7414965986394558,1493.89077,1170.773031,1170.773031,1063.3757,965.6621062,5987.8598,2668.008173,1457.738153,779.6197144,1149.955282,1149.955282,1522.127816,280.6691635,2646.249651,41479.39473,0,1.245094328,254.4754916,0,0,0,0,0,0,0,0,0,0,0,0,0,0,0,0,0,0,42.672008329687074,55.39602538231292,0,0,98.06803371199999,2.5189587551396118
North_West,Greater Manchester North West,40.243478260869566,4.78695652173913,0.8869565217391304,2.217391304347826,0.7130434782608696,0,0,0,0.7043478260869566,0,0.21739130434782608,0,0.2,0,0,0,0.3217391304347826,25.64782608695652,1.8565217391304347,1.5,0.9782608695652174,1493.89077,1170.773031,1170.773031,1063.3757,965.6621062,5987.8598,2668.008173,1457.738153,779.6197144,1149.955282,1149.955282,1522.127816,280.6691635,2646.249651,41479.39473,0,1.245094328,254.4754916,0,0,7151.190164217391,1038.4247753217392,2596.0619383043477,758.233107826087,0,0,0,1026.7546990695653,0,249.99027869565214,0,304.4255632,0,0,0,0,31.9339627864,472.43928223130433,0,0,13629.453771652486,338.6748452333699
North_West,Greater Manchester North East,50.34591194968554,0,0,0,0,0,0,0,0,0,0,0,0,0,0,0,0,48.09748427672956,0,1.0566037735849056,1.009433962264151,1493.89077,1170.773031,1170.773031,1063.3757,965.6621062,5987.8598,2668.008173,1457.738153,779.6197144,1149.955282,1149.955282,1522.127816,280.6691635,2646.249651,41479.39473,0,1.245094328,254.4754916,0,0,0,0,0,0,0,0,0,0,0,0,0,0,0,0,0,0,59.88590486402516,0,0,0,59.88590486402516,1.18948892859213
North_West,Blackburn with Darwen,55.17391304347826,0,0,0,0,0,0,0,0,0,0,0,0,0,0,0,0,53.13913043478261,0,1.5043478260869565,0.5130434782608696,1493.89077,1170.773031,1170.773031,1063.3757,965.6621062,5987.8598,2668.008173,1457.738153,779.6197144,1149.955282,1149.955282,1522.127816,280.6691635,2646.249651,41479.39473,0,1.245094328,254.4754916,0,0,0,0,0,0,0,0,0,0,0,0,0,0,0,0,0,0,66.1632298992,0,0,0,66.1632298992,1.1991759556198582
North_West,Blackpool,5.5,0,0,0,0,0,0,0,0,0,0,0,0,0,0,0,0,5.25,0,0,0,1493.89077,1170.773031,1170.773031,1063.3757,965.6621062,5987.8598,2668.008173,1457.738153,779.6197144,1149.955282,1149.955282,1522.127816,280.6691635,2646.249651,41479.39473,0,1.245094328,254.4754916,0,0,0,0,0,0,0,0,0,0,0,0,0,0,0,0,0,0,6.5367452219999995,0,0,0,6.5367452219999995,1.188499131272727
North_West,Lancaster and Wyre,82.68687982359427,1.224917309812569,0.29768467475192945,1.2326350606394707,0.18302094818081588,0,0.13340683572216097,0.05953693495038589,0,0.047409040793825796,0,0,0.8544652701212789,0,0.034178610804851156,0,0.034178610804851156,70.88974641675854,3.3197353914002203,3,1.278941565600882,1493.89077,1170.773031,1170.773031,1063.3757,965.6621062,5987.8598,2668.008173,1457.738153,779.6197144,1149.955282,1149.955282,1522.127816,280.6691635,2646.249651,41479.39473,0,1.245094328,254.4754916,0,0,1829.892663142227,348.5211889415656,1443.1358860617418,194.62002888643883,0,798.8214286659316,158.8450290429989,0,36.961022843660416,0,0,1300.6053554575524,0,90.4451369140022,0,0,88.26442117686439,844.7912957084894,0,0,7134.903456841473,86.28821733342954
North_West,Mid Lancashire,62.92863359442994,1.392515230635335,0.42645778938207135,0.6771105308964317,0.2288946910356832,0,0.14012184508268058,0.02610966057441253,0.08529155787641428,0.04003481288076589,0,0,0.6318537859007833,0,0.06788511749347259,0,0.08006962576153177,53.9260226283725,2.0348128807658834,1.9234116623150566,1.123585726718886,1493.89077,1170.773031,1170.773031,1063.3757,965.6621062,5987.8598,2668.008173,1457.738153,779.6197144,1149.955282,1149.955282,1522.127816,280.6691635,2646.249651,41479.39473,0,1.245094328,254.4754916,0,0,2080.2656501305482,499.2852786684073,792.7427485796344,243.40105230635334,0,839.0299632724108,69.66078780678852,124.33275804525675,31.211929384160143,0,0,961.7622231644909,0,179.64096847519585,0,0,67.14298490618626,517.8100081469104,0,0,6406.286352886343,101.80240674180773
North_West,East Lancashire,50.3648,0,0,0,0,0,0,0,0,0,0,0,0,0,0,0,0,48.5456,0.064,1.0896,0.5392,1493.89077,1170.773031,1170.773031,1063.3757,965.6621062,5987.8598,2668.008173,1457.738153,779.6197144,1149.955282,1149.955282,1522.127816,280.6691635,2646.249651,41479.39473,0,1.245094328,254.4754916,0,0,0,0,0,0,0,0,0,0,0,0,0,0,0,0,0,0,60.4438512093568,16.2864314624,0,0,76.7302826717568,1.5234902684366223
North_West,Chorley and West Lancashire,66.89946140035907,8.615798922800717,1.0017953321364452,6.723518850987433,1.414721723518851,0,3.177737881508079,0.47217235188509876,1.1938958707360863,0.3375224416517056,0.6840215439856373,0,0.9515260323159784,0,5.339317773788151,0,1.9138240574506284,27.669658886894076,4.77737881508079,1.3285457809694794,1.1166965888689409,1493.89077,1170.773031,1170.773031,1063.3757,965.6621062,5987.8598,2668.008173,1457.738153,779.6197144,1149.955282,1149.955282,1522.127816,280.6691635,2646.249651,41479.39473,0,1.245094328,254.4754916,0,0,12871.062486947934,1172.8749574470376,7871.714544156193,1504.3807030520647,0,19027.84891561939,1259.7596938940756,1740.387561481149,263.1391495640934,786.5941875080789,0,1448.3442414362655,0,14129.167795464993,0,0,34.45133533776661,1215.7258225271096,0,0,63325.45139443615,946.5764008990402
North_West,Warrington,47.848684210526315,10.046052631578947,5.078947368421052,6.1381578947368425,1.6907894736842106,0,1.7171052631578947,0.15789473684210525,1.5,0.16447368421052633,0.6578947368421053,0,1.4473684210526316,0,0.3815789473684211,0,1.0657894736842106,10.93421052631579,4.407894736842105,1.5723684210526316,0.6842105263157895,1493.89077,1170.773031,1170.773031,1063.3757,965.6621062,5987.8598,2668.008173,1457.738153,779.6197144,1149.955282,1149.955282,1522.127816,280.6691635,2646.249651,41479.39473,0,1.245094328,254.4754916,0,0,15007.705301249998,5946.294604815788,7186.389723177632,1797.944440131579,0,10281.78557763158,421.26444836842103,2186.6072295,128.22692671052633,756.5495276315789,0,2203.0797336842106,0,1009.7531563026316,0,0,13.614123507473684,1121.7011800789473,0,0,48060.91597279037,1004.4354775009124
North_West,Cheshire East,57.93048515568429,2.939898624185373,1.286748732802317,1.3526430123099205,0.6835626357711803,0.13613323678493844,0.49094858797972485,0.07458363504706735,0.21506154960173787,0.2621288921071687,0.27299058653149894,0,3.506879073135409,0,0.09485879797248371,0,0.2266473569876901,36.10934105720492,7.057929036929761,2.0021723388848662,1.2049239681390298,1493.89077,1170.773031,1170.773031,1063.3757,965.6621062,5987.8598,2668.008173,1457.738153,779.6197144,1149.955282,1149.955282,1522.127816,280.6691635,2646.249651,41479.39473,0,1.245094328,254.4754916,0,0,4391.887419406227,1506.4907140383777,1583.6379593830559,726.8838963070239,131.45870815756697,2939.7313138305576,198.98974787762492,313.50342609775527,204.36085200057929,313.92696691817525,0,5337.918184567704,0,251.02006102896453,0,0,44.95953573814337,1796.0699613506156,0,0,19740.83874670237,340.7677096722079
North_West,Cheshire West and Chester,62.51901336073998,4.987667009249743,1.0061664953751284,2.1510791366906474,0.593011305241521,0.28365878725590954,1.1469681397738951,0.08735868448098665,0.7358684480986639,0.18602261048304214,0.14388489208633093,0,5.115107913669065,0,0.21274409044193218,0,0.3987667009249743,33.63617677286742,7.428571428571429,2.16032887975334,2.131551901336074,1493.89077,1170.773031,1170.773031,1063.3757,965.6621062,5987.8598,2668.008173,1457.738153,779.6197144,1149.955282,1149.955282,1522.127816,280.6691635,2646.249651,41479.39473,0,1.245094328,254.4754916,0,0,7451.029708951696,1177.9925974809864,2518.4254407841727,630.5938118191161,273.9185419436793,6867.884416032888,233.07368417780066,1072.7035123823227,145.02689445673175,165.46119165467624,0,7785.84803723741,0,562.9739750842755,0,0,41.88021291550257,1890.3893661714287,0,0,30817.201391092687,492.9252676025905
North_West,East Merseyside,65.30817610062893,16.056603773584907,5.1257861635220126,5.220125786163522,3.0817610062893084,0,3.1823899371069184,0.8427672955974843,2.018867924528302,0.18867924528301888,1.0943396226415094,0,1.578616352201258,0,2.257861635220126,0,2.6352201257861636,12.119496855345911,4.459119496855346,4.452830188679245,0.7484276729559748,1493.89077,1170.773031,1170.773031,1063.3757,965.6621062,5987.8598,2668.008173,1457.738153,779.6197144,1149.955282,1149.955282,1522.127816,280.6691635,2646.249651,41479.39473,0,1.245094328,254.4754916,0,0,23986.812174905663,6001.132202924528,6111.582488867924,3277.069767295598,0,19055.704772327044,2248.5100325911953,2942.9807994528305,147.09805932075474,1258.4416293584904,0,2402.8558604779873,0,5974.865564207548,0,0,15.089916792805031,1134.7366260654087,0,0,74556.87989458778,1141.6163235014885
North_West,Liverpool,43.8,0,0,0,0,0,0,0,0,0,0,0,0,0,0,0,0,14.2,0,0,0,1493.89077,1170.773031,1170.773031,1063.3757,965.6621062,5987.8598,2668.008173,1457.738153,779.6197144,1149.955282,1149.955282,1522.127816,280.6691635,2646.249651,41479.39473,0,1.245094328,254.4754916,0,0,0,0,0,0,0,0,0,0,0,0,0,0,0,0,0,0,17.6803394576,0,0,0,17.6803394576,0.4036607182100457
North_West,Sefton,75.54545454545455,13.045454545454545,2.0303030303030303,5.833333333333333,2.1363636363636362,0,4.5606060606060606,0.7272727272727273,1.8484848484848484,0,0,0,0,0,2.787878787878788,0,2.3333333333333335,22.454545454545453,2.409090909090909,2.696969696969697,11.106060606060606,1493.89077,1170.773031,1170.773031,1063.3757,965.6621062,5987.8598,2668.008173,1457.738153,779.6197144,1149.955282,1149.955282,1522.127816,280.6691635,2646.249651,41479.39473,0,1.245094328,254.4754916,0,0,19488.48413590909,2377.0240326363637,6829.509347499999,2271.7571772727274,0,27308.269693939394,1940.3695803636365,2694.6068888787877,0,0,0,0,0,7377.423269454546,0,0,27.958027183272726,613.0545934,0,0,70928.45674653782,938.8845056701757
North_West,Wirral,71.05555555555556,10.518518518518519,0,5.037037037037037,0,0,2.8518518518518516,0,0,0,0,0,4.351851851851852,0,0.5740740740740741,0,1.1481481481481481,31.90740740740741,6.611111111111111,1.7222222222222223,2.740740740740741,1493.89077,1170.773031,1170.773031,1063.3757,965.6621062,5987.8598,2668.008173,1457.738153,779.6197144,1149.955282,1149.955282,1522.127816,280.6691635,2646.249651,41479.39473,0,1.245094328,254.4754916,0,0,15713.51772888889,0,5897.227119111111,0,0,17076.48905925926,0,0,0,0,0,6624.074754814815,0,1519.1433181666666,0,0,39.72773198414815,1682.365750022222,0,0,48552.545462247115,683.3040018142674
South_East,Berkshire,129.64448669201522,24.03041825095057,4.17680608365019,9.087452471482889,3.8307984790874525,1.155893536121673,0,0,4.610266159695818,2.961977186311787,3.4049429657794676,1.167300380228137,3.079847908745247,1.2509505703422052,1.3897338403041826,0.32129277566539927,3.596958174904943,34.90874524714829,8.365019011406844,19.73384030418251,2.3612167300380227,1601.028722,1174.488275,1174.488275,1075.113528,965.6621062,8151.231953,2668.008173,1435.676398,779.6197144,1140.473682,1140.473682,1522.127816,280.6691635,4281.223206,41479.39473,0,1.245094328,254.4754916,0,0,38473.38982144487,4905.609772195817,10673.106377376424,4118.543267908745,1116.2025866342206,0,0,6618.850313973385,2309.215808051711,3883.2478411825095,1331.2753626387835,4687.92217095057,351.10325015779466,5949.760767273764,13327.029865722434,0,43.46468070482129,2128.6923251711023,0,0,99917.41421138695,770.7031495195919
South_East,Milton Keynes,106.56363636363636,38.096969696969694,3.5090909090909093,5.509090909090909,4.775757575757575,0,0,0,4.787878787878788,0.8484848484848485,5.642424242424243,0,1.9878787878787878,0,0,0,1.3393939393939394,23.575757575757574,5.1454545454545455,7.327272727272727,2.187878787878788,1601.028722,1174.488275,1174.488275,1075.113528,965.6621062,8151.231953,2668.008173,1435.676398,779.6197144,1140.473682,1140.473682,1522.127816,280.6691635,4281.223206,41479.39473,0,1.245094328,254.4754916,0,0,60994.34270601212,4121.3861286363635,6470.362678636363,5134.481576145455,0,0,0,6873.844572242425,661.4955152484849,6435.036351163637,0,3025.8055978666666,0,0,0,0,29.354042035878784,1309.39207496,0,0,95055.50124294739,892.0069217475015
South_East,Buckinghamshire CC,87.91163604549432,18.805774278215225,2.8022747156605425,4.362204724409449,2.6255468066491687,0.2335958005249344,0,0,1.2808398950131235,1.5231846019247595,1.8162729658792651,0.05511811023622047,1.7760279965004375,0.3569553805774278,0.2572178477690289,0.00699912510936133,1.8748906386701663,34.06386701662292,7.092738407699038,7.028871391076115,1.8547681539807523,1601.028722,1174.488275,1174.488275,1075.113528,965.6621062,8151.231953,2668.008173,1435.676398,779.6197144,1140.473682,1140.473682,1522.127816,280.6691635,4281.223206,41479.39473,0,1.245094328,254.4754916,0,0,30108.584758871395,3291.238796872266,5123.358301968504,2822.760890225722,225.5746127343832,0,0,1838.8716068871393,1187.5047443310586,2071.411516913386,62.86075412598425,2703.3416154680667,100.18636807349083,1101.2070188661417,290.31947317585303,0,42.41272761214348,1804.9280930894138,0,0,52774.56127921495,600.3137201530874
South_East,Oxfordshire,126.05689993459778,29.500981033355135,7.5892740353172,9.8809679529104,2.6899934597776323,0.8620013080444735,0,0,4.565729234793983,2.89404839764552,5.843688685415304,1.5729234793982996,2.55788096795291,0.5892740353172008,0.4172661870503597,0.26618705035971224,3.75997383911053,32.80771746239372,9.465663832570307,8.26814911706998,2.368214519293656,1601.028722,1174.488275,1174.488275,1075.113528,965.6621062,8151.231953,2668.008173,1435.676398,779.6197144,1140.473682,1140.473682,1522.127816,280.6691635,4281.223206,41479.39473,0,1.245094328,254.4754916,0,0,47231.91796157881,8913.513370241988,11605.081006344015,2892.0483588384564,832.4019986733813,0,0,6554.909702052321,2256.257185232178,6664.573151517332,1793.8778320536298,3893.421771338129,165.3910505647482,1786.4096830791366,11041.277733884892,0,40.84870292705297,2408.7794571136687,0,0,108080.70896543974,857.3962156892273
South_East,Brighton and Hove,189.88235294117646,0,0,0,0,0,0,0,0,0,0,0,0,0,0,0,0,109.94117647058823,3.764705882352941,11.352941176470589,5.411764705882353,1601.028722,1174.488275,1174.488275,1075.113528,965.6621062,8151.231953,2668.008173,1435.676398,779.6197144,1140.473682,1140.473682,1522.127816,280.6691635,4281.223206,41479.39473,0,1.245094328,254.4754916,0,0,0,0,0,0,0,0,0,0,0,0,0,0,0,0,0,0,136.88713523717647,958.0253801411765,0,0,1094.912515378353,5.766267893876084
South_East,East Sussex CC,74.5485294117647,7.213970588235294,0.9441176470588235,2.522794117647059,0.9551470588235295,0.04485294117647059,0.004411764705882353,0,1.2654411764705882,0.7757352941176471,0.8602941176470589,0.3786764705882353,1.5411764705882354,0.07352941176470588,0.7205882352941176,0,0.9183823529411764,40.944117647058825,4.853676470588235,8.808088235294118,1.7117647058823529,1601.028722,1174.488275,1174.488275,1075.113528,965.6621062,8151.231953,2668.008173,1435.676398,779.6197144,1140.473682,1140.473682,1522.127816,280.6691635,4281.223206,41479.39473,0,1.245094328,254.4754916,0,0,11549.774111427942,1108.8551066911764,2962.9921114154413,1026.8915241705884,43.312785645735296,35.96131743970589,0,1816.7640301161764,604.7785284500001,981.1427999558824,431.87054869852943,2345.867575247059,20.63743849264706,3084.9990749117646,0,0,50.979288647317645,1235.141705920294,0,0,27299.96794723026,366.20397696164315
South_East,West Surrey,76.60686015831135,4.559366754617415,0.5197889182058048,0.40105540897097625,1.0131926121372032,0.46437994722955145,0,0.1503957783641161,0.8021108179419525,0.9736147757255936,0.6411609498680739,0,1.4907651715039578,0.36675461741424803,1.0395778364116095,0,1.1345646437994723,40.72031662269129,4.8680738786279685,15.010554089709762,2.2506596306068603,1601.028722,1174.488275,1174.488275,1075.113528,965.6621062,8151.231953,2668.008173,1435.676398,779.6197144,1140.473682,1140.473682,1522.127816,280.6691635,4281.223206,41479.39473,0,1.245094328,254.4754916,0,0,7299.677128274407,610.4859899076516,471.03487546174136,1089.2970837783644,448.43411791873353,0,401.25716586015835,1151.5715698997362,759.0492733868074,731.2271892506598,0,2269.1351346701845,102.93671167941953,4450.664757688654,0,0,50.70063526127704,1238.805493408971,0,0,21074.277126446766,275.09647416557567
South_East,East Surrey,78.17789757412399,9.474393530997304,2.557951482479784,1.2371967654986522,0.8113207547169812,0.11320754716981132,0,0,1.6037735849056605,0.7088948787061995,0.9407008086253369,0,3.5876010781671157,0.09703504043126684,0.4339622641509434,0,1.326145552560647,38.6388140161725,5.164420485175202,9.692722371967655,1.471698113207547,1601.028722,1174.488275,1174.488275,1075.113528,965.6621062,8151.231953,2668.008173,1435.676398,779.6197144,1140.473682,1140.473682,1522.127816,280.6691635,4281.223206,41479.39473,0,1.245094328,254.4754916,0,0,15168.77616665768,3004.284024191374,1453.0730949460915,872.2619189433964,109.32023843773585,0,0,2302.499883584906,552.6684228765499,1072.8445148733153,0,5460.787393789757,27.234743628032348,1857.8893158113208,0,0,48.10896817218328,1314.21844179407,0,0,33243.96712770641,425.23485741204934
South_East,West Sussex (South West),132.669921875,22.404296875,2.794921875,6.51171875,3.59765625,0.33203125,1.068359375,0.146484375,2.32421875,2.421875,2.21484375,1.337890625,6.685546875,0.94921875,4.298828125,0.025390625,3.23828125,39.26953125,9.541015625,19.5625,3.943359375,1601.028722,1174.488275,1174.488275,1075.113528,965.6621062,8151.231953,2668.008173,1435.676398,779.6197144,1140.473682,1140.473682,1522.127816,280.6691635,4281.223206,41479.39473,0,1.245094328,254.4754916,0,0,35869.92279308984,3282.6029717285155,7647.937321972656,3867.8889034687504,320.62999619921874,8708.44507478711,390.8215097167969,3336.8260031640625,1888.1414958125001,2525.9710066171874,1525.8290472070314,10176.256863609375,266.41643254101564,18404.242727355468,1053.1877568164064,0,48.89427062259375,2427.954641535156,0,0,101741.96881624368,766.8804456831123
South_East,West Sussex (North East),69.34687953555878,6.074020319303338,1.0856313497822931,1.2017416545718433,1.123367198838897,0.1625544267053701,0,0,0.5747460087082729,0.7445573294629898,1.050798258345428,0,2.2322206095791,0.14223512336719885,0.918722786647315,0.020319303338171262,1.2902757619738752,36.06966618287373,6.037735849056604,8.805515239477504,1.7314949201741654,1601.028722,1174.488275,1174.488275,1075.113528,965.6621062,8151.231953,2668.008173,1435.676398,779.6197144,1140.473682,1140.473682,1522.127816,280.6691635,4281.223206,41479.39473,0,1.245094328,254.4754916,0,0,9724.680989216256,1275.061291291727,1411.4314828737301,1207.747272383164,156.9726500644412,0,0,825.1492795471698,580.4715725503628,1198.4077587343977,0,3397.725081288824,39.921013095791004,3933.2573140754716,842.8324038026125,0,44.910136777149496,1536.4557983396228,0,0,26175.02404404072,377.4506397309346
South_East,Portsmouth,NA,NA,NA,NA,NA,NA,NA,NA,NA,NA,NA,NA,NA,NA,NA,NA,NA,NA,NA,NA,NA,1601.028722,1174.488275,1174.488275,1075.113528,965.6621062,8151.231953,2668.008173,1435.676398,779.6197144,1140.473682,1140.473682,1522.127816,280.6691635,4281.223206,41479.39473,0,1.245094328,254.4754916,0,0,NA,NA,NA,NA,NA,NA,NA,NA,NA,NA,NA,NA,NA,NA,NA,NA,NA,NA,NA,NA,0,NA
South_East,Southampton,NA,NA,NA,NA,NA,NA,NA,NA,NA,NA,NA,NA,NA,NA,NA,NA,NA,NA,NA,NA,NA,1601.028722,1174.488275,1174.488275,1075.113528,965.6621062,8151.231953,2668.008173,1435.676398,779.6197144,1140.473682,1140.473682,1522.127816,280.6691635,4281.223206,41479.39473,0,1.245094328,254.4754916,0,0,NA,NA,NA,NA,NA,NA,NA,NA,NA,NA,NA,NA,NA,NA,NA,NA,NA,NA,NA,NA,0,NA
South_East,Isle of Wight,89.29166666666667,10.215909090909092,1.2045454545454546,1.7234848484848484,0.6022727272727273,2.6742424242424243,0.4583333333333333,0,1.6363636363636365,1.1363636363636365,0.38636363636363635,0,7.6856060606060606,0,1.1553030303030303,0,1.5871212121212122,41.765151515151516,7.829545454545454,6.431818181818182,2.662878787878788,1601.028722,1174.488275,1174.488275,1075.113528,965.6621062,8151.231953,2668.008173,1435.676398,779.6197144,1140.473682,1140.473682,1522.127816,280.6691635,4281.223206,41479.39473,0,1.245094328,254.4754916,0,0,16355.963875886366,1414.7245130681817,2024.212746685606,647.5115566363637,2582.4145718833333,3735.981311791667,0,2349.2886512727277,885.9314936363637,440.63755895454545,0,11698.474767666667,0,4946.110143295454,0,0,52.00155325957576,1992.4274285499998,0,0,49125.68017258685,550.1709398703147
South_East,South Hampshire,47.30275229357798,5.908256880733945,0,1.3761467889908257,0,0,0,0,0,0,1.165137614678899,0,4.018348623853211,0,0.9541284403669725,0,2.0642201834862384,19.61467889908257,1.2568807339449541,4.440366972477064,3.6422018348623855,1601.028722,1174.488275,1174.488275,1075.113528,965.6621062,8151.231953,2668.008173,1435.676398,779.6197144,1140.473682,1140.473682,1522.127816,280.6691635,4281.223206,41479.39473,0,1.245094328,254.4754916,0,0,9459.288963009174,0,1616.2682683486237,0,0,0,0,0,0,1328.8087854495411,0,6116.440214752294,0,4084.8368204036697,0,0,24.422125442788992,319.845342653211,0,0,22949.910520059304,485.17072278635845
South_East,Central Hampshire,108.52794214332675,17.773833004602235,3.9414858645627877,10.414858645627877,4.009204470742932,0.28270874424720577,0.18014464168310323,0.05851413543721236,4.434582511505589,2.2636423405654176,1.9000657462195925,1.3346482577251808,2.719921104536489,0.20118343195266272,0.7324128862590401,0.2235371466140697,2.287310979618672,36.8974358974359,5.9191321499013805,10.549638395792241,2.403681788297173,1601.028722,1174.488275,1174.488275,1075.113528,965.6621062,8151.231953,2668.008173,1435.676398,779.6197144,1140.473682,1140.473682,1522.127816,280.6691635,4281.223206,41479.39473,0,1.245094328,254.4754916,0,0,28456.417140399735,4629.228934007232,12232.12936507232,4310.349963013807,273.00112141091387,1468.400759449047,156.1161915825115,6366.625446752138,1764.7801950553585,2166.9749776331364,1522.131212662722,4140.067570540434,56.46598555621302,3135.6230450256407,9272.18554122288,0,45.94078815364102,1506.2740636915187,0,0,81502.71230122924,750.9836701187348
South_East,North Hampshire,137.79518072289156,28.489156626506023,5.224096385542168,11.578313253012048,7.385542168674699,2.279518072289157,1.0457831325301206,0,4.549397590361446,3.6963855421686747,3.144578313253012,0.6626506024096386,4.804819277108434,0,1.7084337349397591,0.763855421686747,4.091566265060241,28.70120481927711,9.920481927710844,17.612048192771084,1.725301204819277,1601.028722,1174.488275,1174.488275,1075.113528,965.6621062,8151.231953,2668.008173,1435.676398,779.6197144,1140.473682,1140.473682,1522.127816,280.6691635,4281.223206,41479.39473,0,1.245094328,254.4754916,0,0,45611.95802459277,6135.639952289156,13598.593159939759,7940.296297156628,2201.244222807711,8524.420885787953,0,6531.462745600001,2881.775040697831,3586.308807253012,755.7355724096386,7313.549072539759,0,7314.18615193735,31684.260552795182,0,35.73570732724819,2524.519515463133,0,0,146639.68570859713,1064.1858803719124
South_East,Medway,174.74137931034483,31.06896551724138,0,6.689655172413793,0,0,0,0,2.896551724137931,0,4.155172413793103,0,0,0,14.379310344827585,0,6.310344827586207,61.93103448275862,4.120689655172414,12.172413793103448,25.75862068965517,1601.028722,1174.488275,1174.488275,1075.113528,965.6621062,8151.231953,2668.008173,1435.676398,779.6197144,1140.473682,1140.473682,1522.127816,280.6691635,4281.223206,41479.39473,0,1.245094328,254.4754916,0,0,49742.30615593104,0,7856.921563793103,0,0,0,0,4158.510945931034,0,4738.864782103448,0,0,0,61561.03713455171,0,0,77.10997976165517,1048.6145257310345,0,0,129183.36508780303,739.2831943850592
South_East,Kent Thames Gateway,123.24904214559388,33.23371647509578,1.103448275862069,3.942528735632184,0.735632183908046,1.1455938697318007,0,0,8.908045977011493,1.2183908045977012,3.7241379310344827,1.2758620689655173,2.3869731800766285,0,14.402298850574713,0,2.9080459770114944,32.11494252873563,3.6206896551724137,8.367816091954023,3.521072796934866,1601.028722,1174.488275,1174.488275,1075.113528,965.6621062,8151.231953,2668.008173,1435.676398,779.6197144,1140.473682,1140.473682,1522.127816,280.6691635,4281.223206,41479.39473,0,1.245094328,254.4754916,0,0,53208.134615432944,1295.9870620689653,4630.453773850574,790.8881125517242,1106.256589095019,0,0,12789.071361494252,949.881491108046,4247.281298482759,1455.0871115172415,3633.2782734406132,0,61659.456058827585,0,0,39.986132786574714,921.3767799310344,0,0,146727.13866058734,1190.493135737792
South_East,East Kent,146.05555555555554,43.742063492063494,3.613095238095238,3.996031746031746,3.369047619047619,1.1150793650793651,2.1031746031746033,0,8.545634920634921,1.2222222222222223,7.573412698412699,1.9126984126984128,5.908730158730159,0.36507936507936506,6.216269841269841,0,4.652777777777778,28.166666666666668,8.371031746031745,8.505952380952381,6.632936507936508,1601.028722,1174.488275,1174.488275,1075.113528,965.6621062,8151.231953,2668.008173,1435.676398,779.6197144,1140.473682,1140.473682,1522.127816,280.6691635,4281.223206,41479.39473,0,1.245094328,254.4754916,0,0,70032.30001034128,4243.5379936011905,4693.292432242063,3622.108671714286,1076.7898882626985,17143.464028134924,0,12268.76636148016,952.8685398222224,8637.277865464286,2181.3822012857145,8993.84253184127,102.46652000793651,26613.23869920238,0,0,35.070156905333334,2130.2224187706347,0,0,162726.62831907638,1114.1419968594048
South_East,Mid Kent,86.17941585535466,22.100139082058416,1.9833101529902644,2.610570236439499,1.9165507649513214,0.18915159944367177,0,0.0890125173852573,3.3908205841446453,0.9554937413073713,4.154381084840056,1.368567454798331,1.7830319888734354,0.23504867872044508,4.599443671766342,0,1.560500695410292,25.495132127955493,5.552155771905424,6.866481223922114,1.2962447844228095,1601.028722,1174.488275,1174.488275,1075.113528,965.6621062,8151.231953,2668.008173,1435.676398,779.6197144,1140.473682,1140.473682,1522.127816,280.6691635,4281.223206,41479.39473,0,1.245094328,254.4754916,0,0,35382.95743057024,2329.3745203755216,3066.084133762169,2060.509654497914,182.65653190987484,0,237.48612388317108,4868.12108250904,744.9217577090403,4737.962292258693,1560.8151642392213,2714.002587082058,65.97091603824758,19691.24498225591,0,0,31.743844404127955,1412.8875694954102,0,0,79086.73859099064,917.6987080503247
South_East,West Kent,78.78768233387358,13.811993517017829,1.9384116693679092,1.3987034035656403,1.3824959481361425,0.2739059967585089,0,0,2.2787682333873582,0.9432739059967585,2.1653160453808753,0.44570502431118314,2.539708265802269,0.17017828200972449,5.492706645056726,0,1.8849270664505673,26.340356564019448,5.252836304700162,10.987034035656402,1.3517017828200972,1601.028722,1174.488275,1174.488275,1075.113528,965.6621062,8151.231953,2668.008173,1435.676398,779.6197144,1140.473682,1140.473682,1522.127816,280.6691635,4281.223206,41479.39473,0,1.245094328,254.4754916,0,0,22113.39832882334,2276.641777795786,1642.7607476904375,1486.3400962463534,264.5006417306321,0,0,3271.573769186386,735.3949331941653,2469.485962969206,508.31485016207455,3865.760595902755,47.763796057536474,23515.50315256726,0,0,32.796228555358184,1336.7181009329013,0,0,63566.95298181419,806.8133380601365
South_West,"Bristol, City of",40.88461538461539,0,0,0,0,0,0,0,0,0,0,0,0,0,0,0,0,16.615384615384617,0,11.846153846153847,12.153846153846153,1603.377941,1254.419227,1254.419227,1081.324208,965.6621062,6413.983125,2668.008173,1412.454828,779.6197144,1044.846463,1044.846463,1522.127816,280.6691635,4160.1777,41479.39473,0,1.245094328,254.4754916,0,0,0,0,0,0,0,0,0,0,0,0,0,0,0,0,0,0,20.687721142153848,0,0,0,20.687721142153848,0.5060025867318909
South_West,"Bath and North East Somerset, North Somerset and South Gloucestershire",55.895057034220535,4.826615969581749,1.2904942965779467,1.9650190114068442,0.6844106463878327,0,0.022813688212927757,0,0.3596958174904943,0.4479087452471483,0.7231939163498099,0.1688212927756654,2.377186311787072,0,0.3361216730038023,0.0022813688212927757,0.33460076045627374,33.18403041825095,5.249429657794677,2.4190114068441066,1.2425855513307984,1603.377941,1254.419227,1254.419227,1081.324208,965.6621062,6413.983125,2668.008173,1412.454828,779.6197144,1044.846463,1044.846463,1522.127816,280.6691635,4160.1777,41479.39473,0,1.245094328,254.4754916,0,0,7738.889575305704,1618.8208579612167,2464.957629329278,740.0698001520913,0,146.32661121673004,0,508.0540940258555,349.19848804684415,755.6266055612168,176.39233063574147,3618.381408985551,0,1398.3258885171103,94.62979786311787,0,41.31724805394372,1335.8511927869201,0,0,20986.84152844132,375.4686486068452
South_West,Gloucestershire,84.35612788632326,13.790408525754884,3.0230905861456483,4.6891651865008885,1.4285079928952042,0.3743339253996448,0.2508880994671403,0.17939609236234458,2.435168738898757,2.327264653641208,1.6096802841918294,0.33658969804618116,2.8086145648312613,0.347246891651865,0.7122557726465364,0.008880994671403197,2.0426287744227354,31.562611012433393,8.49955595026643,6.584813499111901,1.3454706927175843,1603.377941,1254.419227,1254.419227,1081.324208,965.6621062,6413.983125,2668.008173,1412.454828,779.6197144,1044.846463,1044.846463,1522.127816,280.6691635,4160.1777,41479.39473,0,1.245094328,254.4754916,0,0,22111.23682757371,3792.2229562238012,5882.178968525756,1544.6802740390763,361.4800868235347,1609.1920362455594,478.6302406269982,3439.56584225222,1814.3814046049733,1681.868751498668,351.68455548579044,4275.070353552398,97.4614946079041,2963.1105820603907,368.37828357015985,0,39.298427948451156,2162.928678825755,0,0,52973.36976446515,627.9729889433885
South_West,Swindon,100.42537313432835,19.23134328358209,0,11.485074626865671,2.1865671641791047,0,0,0,0,1.9253731343283582,0,0,2.455223880597015,0,0,0,3.0671641791044775,29.76865671641791,11.992537313432836,5.731343283582089,2,1603.377941,1254.419227,1254.419227,1081.324208,965.6621062,6413.983125,2668.008173,1412.454828,779.6197144,1044.846463,1044.846463,1522.127816,280.6691635,4160.1777,41479.39473,0,1.245094328,254.4754916,0,0,30835.111596694027,0,14407.09843547015,2364.3880070447763,0,0,0,0,1501.0588530985076,0,0,3737.164563164179,0,0,0,0,37.06478562979105,3051.806828367164,0,0,55933.693069468594,556.967739563706
South_West,Wiltshire,111.56470588235294,18.26318082788671,4.715032679738562,9.188235294117646,2.6971677559912854,0.7498910675381264,0.013943355119825708,0.0784313725490196,4.0967320261437905,1.7572984749455338,2.1145969498910677,0.8627450980392157,4.389542483660131,0.7137254901960784,0.36209150326797385,0.1272331154684096,1.7185185185185186,42.332461873638344,8.33028322440087,7.196949891067538,1.8562091503267975,1603.377941,1254.419227,1254.419227,1081.324208,965.6621062,6413.983125,2668.008173,1412.454828,779.6197144,1044.846463,1044.846463,1522.127816,280.6691635,4160.1777,41479.39473,0,1.245094328,254.4754916,0,0,29282.78127192767,5914.627649397386,11525.899015141176,2916.512787590414,724.1413876994336,89.43244444444444,209.25554298039216,5786.448929349019,1370.0245351525928,2209.4291437642705,901.4361641568629,6681.444713892811,200.3207363019608,1506.364997254902,5277.55261924183,0,52.70790816914335,2119.852918696645,0,0,76768.23276516095,688.1050073857093
South_West,Bournemouth and Poole,105.5,0,0,0,0,0,0,0,0,0,0,0,0,0,0,0,0,68.07142857142857,0,17.071428571428573,16.214285714285715,1603.377941,1254.419227,1254.419227,1081.324208,965.6621062,6413.983125,2668.008173,1412.454828,779.6197144,1044.846463,1044.846463,1522.127816,280.6691635,4160.1777,41479.39473,0,1.245094328,254.4754916,0,0,0,0,0,0,0,0,0,0,0,0,0,0,0,0,0,0,84.75534961314285,0,0,0,84.75534961314285,0.8033682427786053
South_West,Dorset CC,104.18483412322274,11.296998420221168,3.040021063717746,4.909952606635071,1.9099526066350712,0.7835703001579779,0,0,1.5271195365982095,1.3475513428120063,0.957345971563981,0.7525013164823592,5.915745129015272,1.027382833070037,0.39125855713533436,0.21590310689836756,0.9568193786203265,47.368088467614534,10.661927330173775,8.02527646129542,3.0658241179568195,1603.377941,1254.419227,1254.419227,1081.324208,965.6621062,6413.983125,2668.008173,1412.454828,779.6197144,1044.846463,1044.846463,1522.127816,280.6691635,4160.1777,41479.39473,0,1.245094328,254.4754916,0,0,18113.35806649447,3813.460872812533,6159.138953421801,2065.277989687204,756.6641464063192,0,0,2156.9873624012635,1050.577593022433,1000.2795522559243,786.2483389294366,9004.520213240654,288.35468035202746,1627.705124328594,8955.530194470773,0,58.977738279229065,2713.199198749447,0,0,58550.28002485211,561.9846738499657
South_West,Somerset,66.55260545905708,5.6578163771712155,1.1392059553349876,1.0642679900744416,0.4694789081885856,0.3153846153846154,0.273697270471464,0.09205955334987594,0.48535980148883373,0.5665012406947891,0.5471464019851117,0.09851116625310173,3.781389578163772,0.2337468982630273,0.7,0.015136476426799007,0.21786600496277916,39.437717121588086,6.9550868486352355,3.190570719602978,1.3116625310173697,1603.377941,1254.419227,1254.419227,1081.324208,965.6621062,6413.983125,2668.008173,1412.454828,779.6197144,1044.846463,1044.846463,1522.127816,280.6691635,4160.1777,41479.39473,0,1.245094328,254.4754916,0,0,9071.617973384862,1429.0418538851118,1335.0382294300248,507.65890856972703,304.55497195538464,1755.489674162531,245.61564074019853,685.5487949300248,441.6555354777172,571.6839828573202,102.92904362555832,5755.758260055583,65.60554640620349,2912.12439,627.851880528536,0,49.10367789735781,1769.8991449271464,0,0,27631.177508833287,415.1779981901969
South_West,Cornwall and Isles of Scilly,67.59603340292276,1.9671189979123174,1.8674321503131524,3.5795929018789145,0.6291753653444676,0.09812108559498957,0.8653444676409185,0.19989561586638832,0.18162839248434237,0.6163883089770354,0.08037578288100208,0.0041753653444676405,1.957724425887265,0.14274530271398747,1.586116910229645,0.7987995824634656,0.4133611691022965,39.32150313152401,8.285229645093946,2.982776617954071,2.018528183716075,1603.377941,1254.419227,1254.419227,1081.324208,965.6621062,6413.983125,2668.008173,1412.454828,779.6197144,1044.846463,1044.846463,1522.127816,280.6691635,4160.1777,41479.39473,0,1.245094328,254.4754916,0,0,3154.0352085746345,2342.5427944707726,4490.310160949635,680.3425536242171,94.75181417828811,5550.30481276096,533.3231368783926,256.5418998663883,480.54847740417534,83.98035245407098,4.3626157118997915,2979.9068047056367,40.064204706289146,6598.528199530271,33133.723191161276,0,48.95898051749478,2108.3878869541754,0,0,62580.61309444858,925.8030381963608
South_West,Plymouth,36.130434782608695,0,0,0,0,0,0,0,0,0,0,0,0,0,0,0,0,22.08695652173913,0,8.173913043478262,0.782608695652174,1603.377941,1254.419227,1254.419227,1081.324208,965.6621062,6413.983125,2668.008173,1412.454828,779.6197144,1044.846463,1044.846463,1522.127816,280.6691635,4160.1777,41479.39473,0,1.245094328,254.4754916,0,0,0,0,0,0,0,0,0,0,0,0,0,0,0,0,0,0,27.500344287999997,0,0,0,27.500344287999997,0.7611406962984355
South_West,Torbay,48.916666666666664,2.5277777777777777,0,0,0.6111111111111112,0,0,0,0,0,0,0,0,0,0.4166666666666667,0,0,24.61111111111111,3.4166666666666665,8.277777777777779,2.7222222222222223,1603.377941,1254.419227,1254.419227,1081.324208,965.6621062,6413.983125,2668.008173,1412.454828,779.6197144,1044.846463,1044.846463,1522.127816,280.6691635,4160.1777,41479.39473,0,1.245094328,254.4754916,0,0,4052.9831286388885,0,0,660.8092382222222,0,0,0,0,0,0,0,0,0,1733.4073750000002,0,0,30.64315485022222,869.4579296333333,0,0,7347.300826344666,150.20035760840886
South_West,Devon CC,65.59735301603462,2.323873759226266,1.1117332654619496,1.6158055484856197,0.7414100279969458,0.16785441588190378,0.08055484856197506,0.10091626368032579,0.34741664545685924,0.4167727157037414,0.09964367523542886,0.02697887503181471,1.9782387375922628,0.09213540341053703,0.32527360651565285,0.002926953423262917,0.15576482565538305,44.33303639602953,6.385976075337236,4.081318401628913,1.2098498345635023,1603.377941,1254.419227,1254.419227,1081.324208,965.6621062,6413.983125,2668.008173,1412.454828,779.6197144,1044.846463,1044.846463,1522.127816,280.6691635,4160.1777,41479.39473,0,1.245094328,254.4754916,0,0,3726.04792321214,1394.5795834909648,2026.8975471136423,801.7046113270552,162.09064877548994,516.6774393134385,269.24541628773227,490.7103182031051,324.9242255866633,104.11234163005854,28.188782152710615,3011.132209177908,25.859566603970475,1353.1960042249937,121.40825639984729,0,55.198812159713924,1625.074401117282,0,0,16037.048086776716,244.4770611834996
West_Midlands,"Herefordshire, County of",73.64555369127517,12.984479865771812,1.4072986577181208,1.3976510067114094,1.5071308724832215,0.3313758389261745,2.3011744966442955,0.673238255033557,2.954697986577181,0.6820469798657718,0.8250838926174496,0.35067114093959734,2.4903523489932886,0.15268456375838926,3.6501677852348995,0.008808724832214765,0.5239093959731543,28.228607382550337,7.231963087248322,4.6870805369127515,1.2567114093959733,1543.719221,1262.170651,1262.170651,1081.324208,965.6621062,6413.983125,2668.008173,1412.454828,779.6197144,1044.846463,1044.846463,1522.127816,280.6691635,4160.1777,41479.39473,0,1.245094328,254.4754916,0,0,20044.391143479446,1776.2510629635065,1764.0740810117447,1629.6970970402685,319.99709056124163,14759.69438915688,1796.2051668057886,4173.377436422818,531.7372716503355,862.0859868796141,366.3975012869128,3790.634582043624,42.853848789429534,15185.346621392619,365.3805743833892,0,35.14727893935235,1840.3573618605703,0,0,69283.62849466754,940.7713707348447
West_Midlands,Worcestershire,62.995562950637826,12.237382140876317,1.680532445923461,2.127010537992235,1.2651136993899057,0.4669994453688297,0.4908485856905158,0.31170271769273433,1.1331114808652247,1.1525235718247366,1.9389905712701054,0.25180255130338325,1.992789794786467,0.115363283416528,2.06267332224071,0.027176927343316695,1.2651136993899057,23.845812534664447,5.944536882972823,3.59567387687188,1.0915141430948418,1543.719221,1262.170651,1262.170651,1081.324208,965.6621062,6413.983125,2668.008173,1412.454828,779.6197144,1044.846463,1044.846463,1522.127816,280.6691635,4160.1777,41479.39473,0,1.245094328,254.4754916,0,0,18891.082025592903,2121.118731297837,2684.6502754215194,1367.9980690227399,450.96366800909595,3148.294545549085,831.625398350527,1600.4687818103162,898.530097905269,2025.9474401819193,263.09500510371606,3033.280778085413,32.37891625513034,8581.087557570716,1127.2824968219634,0,29.690285933462004,1512.7389456288408,0,0,48600.23301854045,771.4866054395403
West_Midlands,Warwickshire,90.29748873148745,24.676754668383772,4.021893110109466,3.932388924661945,2.7282678686413395,0.7359948486799742,0.7050869285254346,0.2189311010946555,2.278815196394076,1.6374758531873792,3.9111397295556984,0.6535737282678686,2.511912427559562,0.34835801674179007,0.9710238248551192,0.12298776561493883,2.2343850611719254,26.28718609143593,6.1358660656793305,4.502253702511268,1.6838377334191887,1543.719221,1262.170651,1262.170651,1081.324208,965.6621062,6413.983125,2668.008173,1412.454828,779.6197144,1044.846463,1044.846463,1522.127816,280.6691635,4160.1777,41479.39473,0,1.245094328,254.4754916,0,0,38093.98049348551,5076.3154450392785,4963.345889025756,2950.1420922704447,710.7223357286542,4522.415661220219,584.1099670444302,3218.7235262665804,1276.608456998841,4086.5405127250483,682.8841982904057,3823.4517773444945,97.77335315743723,4039.6316623309726,5101.458076902769,0,32.73002630152737,1561.4275334555055,0,0,80822.26100758788,895.0665421928231
West_Midlands,Telford and Wrekin,86.45771144278606,25.955223880597014,3.781094527363184,3.2238805970149254,1.4527363184079602,0.48756218905472637,5.044776119402985,0,7.278606965174129,0.5422885572139303,1.2686567164179106,0,4.203980099502488,0,2.1592039800995027,0,1.6069651741293531,14.029850746268657,7.925373134328358,2.771144278606965,1.5820895522388059,1543.719221,1262.170651,1262.170651,1081.324208,965.6621062,6413.983125,2668.008173,1412.454828,779.6197144,1044.846463,1044.846463,1522.127816,280.6691635,4160.1777,41479.39473,0,1.245094328,254.4754916,0,0,40067.57798983582,4772.386541094527,4069.0874718805967,1570.8789489353235,470.82033038606966,32357.10889925373,0,10280.703549074626,422.7788500975124,1325.551482910448,0,6398.995047363184,0,8982.672247761195,0,0,17.46848758686567,2016.8132244716417,0,0,112752.84307065154,1304.1386498561951
West_Midlands,Shropshire CC,80.52597799511003,12.403422982885086,2.70140586797066,2.200794621026895,1.750916870415648,0.558679706601467,1.3022616136919316,0.51619804400978,3.1246943765281174,0.3261002444987775,0.6528117359413202,0.06234718826405868,3.327322738386308,0.17817848410757947,0.843520782396088,0.042787286063569685,0.6625916870415648,37.31540342298288,7.01161369193154,4.331907090464548,1.2130195599022005,1543.719221,1262.170651,1262.170651,1081.324208,965.6621062,6413.983125,2668.008173,1412.454828,779.6197144,1044.846463,1044.846463,1522.127816,280.6691635,4160.1777,41479.39473,0,1.245094328,254.4754916,0,0,19147.402464872863,3409.635202991748,2777.778379538814,1893.308798176039,539.4958221679707,8352.684014555318,1377.2206003047067,4413.489658151589,254.2341794819071,682.0880333031785,65.14323913569683,5064.610492907091,50.00920608817238,3509.1963484107578,1774.790728056235,0,46.46119714898777,1784.2838411635696,0,0,55141.832206454645,684.7707234279496
West_Midlands,Stoke-on-Trent,14.511627906976743,0,0,0,0,0,0,0,0,0,0,0,0,0,0,0,0,11.44186046511628,0,1.1162790697674418,0.2558139534883721,1543.719221,1262.170651,1262.170651,1081.324208,965.6621062,6413.983125,2668.008173,1412.454828,779.6197144,1044.846463,1044.846463,1522.127816,280.6691635,4160.1777,41479.39473,0,1.245094328,254.4754916,0,0,0,0,0,0,0,0,0,0,0,0,0,0,0,0,0,0,14.246195566883722,0,0,0,14.246195566883722,0.9817089893846156
West_Midlands,Staffordshire CC,63.61639928698752,8.252406417112299,2.072014260249554,1.5957219251336898,0.8926916221033868,0.19001782531194297,0.681283422459893,0.19144385026737967,1.4402852049910873,0.27736185383244205,0.5379679144385027,0.04919786096256684,2.233155080213904,0.0659536541889483,0.7675579322638146,0.01140819964349376,0.5344028520499109,34.8096256684492,4.787878787878788,2.985739750445633,1.2399286987522282,1543.719221,1262.170651,1262.170651,1081.324208,965.6621062,6413.983125,2668.008173,1412.454828,779.6197144,1044.846463,1044.846463,1522.127816,280.6691635,4160.1777,41479.39473,0,1.245094328,254.4754916,0,0,12739.398405599999,2615.235587740463,2014.0733810609624,965.28906125918,183.49301340627454,4369.740374999999,510.77375718395723,2034.3377914866307,216.23676927030303,562.0938726085562,51.40421101390375,3399.1474650352943,18.511156950980393,3193.177393262032,473.20521617112297,0,43.341267479589305,1218.3978082666667,0,0,34607.856532795915,544.0084148219752
West_Midlands,Birmingham,60.7,10.066666666666666,7.066666666666666,0,0,0,0,0,0,0,2.8,0,0,0,0,0,1.7,18.466666666666665,0,7,4.6,1543.719221,1262.170651,1262.170651,1081.324208,965.6621062,6413.983125,2668.008173,1412.454828,779.6197144,1044.846463,1044.846463,1522.127816,280.6691635,4160.1777,41479.39473,0,1.245094328,254.4754916,0,0,15540.106824733333,8919.339267066665,0,0,0,0,0,0,0,2925.5700964000002,0,0,0,0,0,0,22.99274192373333,0,0,0,27408.00893012373,451.5322723249379
West_Midlands,Solihull,47.13475177304964,9.964539007092199,2.645390070921986,1.0070921985815602,0.3617021276595745,0,0,0,1.0921985815602837,0.7588652482269503,1.049645390070922,0,2.2836879432624113,0,0,0,0.20567375886524822,19.4822695035461,3.773049645390071,1.2695035460992907,2.382978723404255,1543.719221,1262.170651,1262.170651,1081.324208,965.6621062,6413.983125,2668.008173,1412.454828,779.6197144,1044.846463,1044.846463,1522.127816,280.6691635,4160.1777,41479.39473,0,1.245094328,254.4754916,0,0,15382.450393652483,3338.933707964539,1271.122215900709,391.11726672340427,0,0,0,1542.6811596595744,591.6263080907802,1096.7182732198582,0,3476.064941503546,0,0,0,0,24.257263255432623,960.148663341844,0,0,28075.12019331217,595.6352613988889
West_Midlands,Coventry,34.810810810810814,6.4324324324324325,1.8918918918918919,0,0,0,0,0,0,0,0,0,0,0,0,0,0,14.756756756756756,2.054054054054054,1.3513513513513513,0.43243243243243246,1543.719221,1262.170651,1262.170651,1081.324208,965.6621062,6413.983125,2668.008173,1412.454828,779.6197144,1044.846463,1044.846463,1522.127816,280.6691635,4160.1777,41479.39473,0,1.245094328,254.4754916,0,0,9929.869583729731,2387.8904208108106,0,0,0,0,0,0,0,0,0,0,0,0,0,0,18.373554137513512,522.7064151783784,0,0,12858.839973856433,369.3921421061242
West_Midlands,Dudley,30.391304347826086,2.739130434782609,2.652173913043478,0,0,0,0,0,0,0,0,0,0,0,0,0,0,11,0,0.8260869565217391,1.0434782608695652,1543.719221,1262.170651,1262.170651,1081.324208,965.6621062,6413.983125,2668.008173,1412.454828,779.6197144,1044.846463,1044.846463,1522.127816,280.6691635,4160.1777,41479.39473,0,1.245094328,254.4754916,0,0,4228.448301,3347.496074391304,0,0,0,0,0,0,0,0,0,0,0,0,0,0,13.696037608,0,0,0,7589.640412999304,249.7306573662146
West_Midlands,Sandwell,NA,NA,NA,NA,NA,NA,NA,NA,NA,NA,NA,NA,NA,NA,NA,NA,NA,NA,NA,NA,NA,1543.719221,1262.170651,1262.170651,1081.324208,965.6621062,6413.983125,2668.008173,1412.454828,779.6197144,1044.846463,1044.846463,1522.127816,280.6691635,4160.1777,41479.39473,0,1.245094328,254.4754916,0,0,NA,NA,NA,NA,NA,NA,NA,NA,NA,NA,NA,NA,NA,NA,NA,NA,NA,NA,NA,NA,0,NA
West_Midlands,Walsall,43.39393939393939,8.454545454545455,2.757575757575758,1.696969696969697,2.121212121212121,0,0,0,0,0,0,0,0,0,0,0,0.6060606060606061,17.606060606060606,3.0303030303030303,1.1515151515151516,0.8787878787878788,1543.719221,1262.170651,1262.170651,1081.324208,965.6621062,6413.983125,2668.008173,1412.454828,779.6197144,1044.846463,1044.846463,1522.127816,280.6691635,4160.1777,41479.39473,0,1.245094328,254.4754916,0,0,13051.444323000002,3480.5311891212123,2141.865347151515,2293.7180169696967,0,0,0,0,0,0,0,0,0,0,0,0,21.9212061990303,771.1378533333333,0,0,21760.61793577479,501.466754106542
West_Midlands,Wolverhampton,NA,NA,NA,NA,NA,NA,NA,NA,NA,NA,NA,NA,NA,NA,NA,NA,NA,NA,NA,NA,NA,1543.719221,1262.170651,1262.170651,1081.324208,965.6621062,6413.983125,2668.008173,1412.454828,779.6197144,1044.846463,1044.846463,1522.127816,280.6691635,4160.1777,41479.39473,0,1.245094328,254.4754916,0,0,NA,NA,NA,NA,NA,NA,NA,NA,NA,NA,NA,NA,NA,NA,NA,NA,NA,NA,NA,NA,0,NA
Yorkshire_and_The_Humber,"Kingston upon Hull, City of",52.8,0,0,0,0,0,0,0,0,0,0,0,0,0,0,0,0,0,0,0,0,1618.673526,1270.849817,1270.849817,1063.3757,965.6621062,5987.8598,2668.008173,1457.738153,779.6197144,1149.955282,1149.955282,1522.127816,280.6691635,2646.249651,41479.39473,0,1.245094328,254.4754916,0,0,0,0,0,0,0,0,0,0,0,0,0,0,0,0,0,0,0,0,0,0,0,0
Yorkshire_and_The_Humber,East Riding of Yorkshire,133.88888888888889,47.216931216931215,9.907407407407407,15.644179894179894,2.4636243386243386,0.9742063492063492,3.7916666666666665,1.097883597883598,10.593253968253968,1.667989417989418,3.2103174603174605,6.494708994708994,1.7698412698412698,0.36243386243386244,0.9682539682539683,0.009259259259259259,2.6018518518518516,14.433201058201059,5.49537037037037,3.2433862433862433,1.9417989417989419,1618.673526,1270.849817,1270.849817,1063.3757,965.6621062,5987.8598,2668.008173,1457.738153,779.6197144,1149.955282,1149.955282,1522.127816,280.6691635,2646.249651,41479.39473,0,1.245094328,254.4754916,0,0,76428.79653980953,12590.826890648148,19881.403155633598,2619.758255621693,940.754155048016,22703.968408333334,2929.162412156085,15442.19047394246,1300.3974336751323,3691.7215203888886,7468.624913518517,2693.9246267301587,101.72400899338625,2562.2417255714286,384.0684697222222,0,17.970696772449735,1398.437076524074,0,0,173155.9707630891,1293.2811094338606
Yorkshire_and_The_Humber,North and North East Lincolnshire,153.63765182186233,57.30364372469636,7.459514170040486,12.827935222672064,1.0060728744939271,1.180161943319838,4.093117408906883,5.002024291497976,13.374493927125506,2.5465587044534415,4.801619433198381,6.0425101214574894,4.888663967611336,0.13765182186234817,1.8360323886639676,0.2793522267206478,4.7145748987854255,11.748987854251013,6.5425101214574894,3.92914979757085,3.925101214574899,1618.673526,1270.849817,1270.849817,1063.3757,965.6621062,5987.8598,2668.008173,1457.738153,779.6197144,1149.955282,1149.955282,1522.127816,280.6691635,2646.249651,41479.39473,0,1.245094328,254.4754916,0,0,92755.89104050203,9479.92221790486,16302.379130220646,1069.8334471659919,1139.6376678433198,24509.013189473688,13345.441691261134,19496.510074637652,1985.347369868826,5521.647629360324,6948.616430708501,7441.171408178137,38.63462169635628,4858.60006772672,11587.361280850204,0,14.628598137068826,1664.9084794558703,0,0,218159.54434499133,1419.961459694398
Yorkshire_and_The_Humber,York,57.526315789473685,14.473684210526315,3.973684210526316,6.342105263157895,1.5789473684210527,0,1.7532894736842106,0.9572368421052632,2.0197368421052633,0.3092105263157895,1.493421052631579,0.3157894736842105,1.1282894736842106,0,0.4868421052631579,0,1.1644736842105263,15.618421052631579,3.1546052631578947,1.394736842105263,0.9111842105263158,1618.673526,1270.849817,1270.849817,1063.3757,965.6621062,5987.8598,2668.008173,1457.738153,779.6197144,1149.955282,1149.955282,1522.127816,280.6691635,2646.249651,41479.39473,0,1.245094328,254.4754916,0,0,23428.169455263156,5049.9558517631585,8059.863313078948,1679.014263157895,0,10498.451557236844,2553.915718233553,2944.247453756579,241.0666222157895,1717.3674277236842,363.14377326315787,1717.400792394737,0,1288.3057511447369,0,0,19.446407464947367,802.7697251460526,0,0,60363.118111843236,1049.31312362765
Yorkshire_and_The_Humber,North Yorkshire CC,114.36224832214765,15.177013422818792,5.535738255033557,5.186409395973154,1.3793624161073825,0.3565436241610738,1.3348993288590605,0.686744966442953,2.7323825503355703,0.6424496644295302,1.4758389261744966,0.48288590604026843,0.8605704697986577,0.09077181208053692,0.4437919463087248,0.010570469798657719,1.1937919463087248,65.881375838926175,5.014093959731544,4.370973154362416,1.5062080536912752,1618.673526,1270.849817,1270.849817,1063.3757,965.6621062,5987.8598,2668.008173,1457.738153,779.6197144,1149.955282,1149.955282,1522.127816,280.6691635,2646.249651,41479.39473,0,1.245094328,254.4754916,0,0,24566.629831263424,7035.091948369296,6591.147431759564,1466.7804747818793,344.30066705956375,7993.1900283221485,1832.2411832364096,3983.098292215604,500.8664238989262,1697.1487685355703,555.2971982543623,1309.8982497087247,25.476848566023495,1174.3842830360738,438.45668926006715,0,82.02852737788322,1275.9640253312753,0,0,60872.00087097679,532.2735584867667
Yorkshire_and_The_Humber,"Barnsley, Doncaster and Rotherham",94.66901408450704,26.169014084507044,5.526760563380281,5.832394366197183,0.7,0.5084507042253521,1.787323943661972,2.683098591549296,5.5366197183098596,1.2746478873239437,2.8492957746478873,0.7971830985915493,3.215492957746479,0.09577464788732394,0.38873239436619716,0,2.0042253521126763,24.6,4.719718309859155,4.204225352112676,1.7774647887323944,1618.673526,1270.849817,1270.849817,1063.3757,965.6621062,5987.8598,2668.008173,1457.738153,779.6197144,1149.955282,1149.955282,1522.127816,280.6691635,2646.249651,41479.39473,0,1.245094328,254.4754916,0,0,42359.09030011268,7023.682650574648,7412.0973129535205,744.36299,490.99157794112676,10702.245191830987,7158.528971218311,8070.941802032395,993.7406218760565,3276.5627260366196,916.7249149464789,4894.391273138028,26.880990307042254,1028.6829629239437,0,0,30.6293204688,1201.0526371149294,0,0,96330.60624347556,1017.551594627206
Yorkshire_and_The_Humber,Sheffield,100.8913043478261,2.277173913043478,0,0,0,0,0,0,0,0,0,0,0,0,0,0,0,0,0.75,5.456521739130435,0,1618.673526,1270.849817,1270.849817,1063.3757,965.6621062,5987.8598,2668.008173,1457.738153,779.6197144,1149.955282,1149.955282,1522.127816,280.6691635,2646.249651,41479.39473,0,1.245094328,254.4754916,0,0,3686.001127141304,0,0,0,0,0,0,0,0,0,0,0,0,0,0,0,0,190.8566187,0,0,3876.857745841304,38.42608410012928
Yorkshire_and_The_Humber,Bradford,39.93577981651376,0,0,0,0,0,0,0,0,0,0,0,0,0,0,0,0,38.96788990825688,0,0.5252293577981652,0.3532110091743119,1618.673526,1270.849817,1270.849817,1063.3757,965.6621062,5987.8598,2668.008173,1457.738153,779.6197144,1149.955282,1149.955282,1522.127816,280.6691635,2646.249651,41479.39473,0,1.245094328,254.4754916,0,0,0,0,0,0,0,0,0,0,0,0,0,0,0,0,0,0,48.51869869889908,0,0,0,48.51869869889908,1.2149180239329198
Yorkshire_and_The_Humber,Leeds,69.58217270194986,11.387186629526463,4.33983286908078,4.752089136490251,1.011142061281337,0.32590529247910865,1.3955431754874652,0.5766016713091922,1.8217270194986073,0.4735376044568245,0.8384401114206128,0.3342618384401114,1.1894150417827298,0,0.8579387186629527,0,0.9164345403899722,27.426183844011142,3.5459610027855155,6.2674094707520895,2.1002785515320332,1618.673526,1270.849817,1270.849817,1063.3757,965.6621062,5987.8598,2668.008173,1457.738153,779.6197144,1149.955282,1149.955282,1522.127816,280.6691635,2646.249651,41479.39473,0,1.245094328,254.4754916,0,0,18432.137532835655,5515.275807481895,6039.191609476324,1075.2238972144849,314.7143911571031,8356.31687966574,1538.3779716183844,2655.600980674095,369.1792519442897,964.1686347688021,384.38616668523673,1810.4417198662952,0,2270.3200348412256,0,0,34.148185942863506,902.360169378273,0,0,50661.843233550666,728.086538064239
Yorkshire_and_The_Humber,Calderdale and Kirklees,56.80684931506849,1.3520547945205479,0.6356164383561644,0.45616438356164385,0,0,0,0,0,0.043835616438356165,0,0,0.08493150684931507,0,0,0,0.07123287671232877,49.584931506849315,1.5767123287671232,1.9356164383561645,0.5904109589041096,1618.673526,1270.849817,1270.849817,1063.3757,965.6621062,5987.8598,2668.008173,1457.738153,779.6197144,1149.955282,1149.955282,1522.127816,280.6691635,2646.249651,41479.39473,0,1.245094328,254.4754916,0,0,2188.535301591781,807.7730343671234,579.716423371233,0,0,0,0,0,34.17511076821918,0,0,129.27660903013697,0,0,0,0,61.73791697344657,401.2346449747945,0,0,4202.449041076734,73.97785815876958
Yorkshire_and_The_Humber,Wakefield,69.41739130434783,23.46086956521739,6.760869565217392,4.3652173913043475,1.5869565217391304,1.891304347826087,0,1.3130434782608695,5.969565217391304,0,2.1826086956521737,0.9565217391304348,0.36086956521739133,0,0.6260869565217392,0,1.0608695652173914,11.360869565217392,2.4217391304347826,0,1.2521739130434784,1618.673526,1270.849817,1270.849817,1063.3757,965.6621062,5987.8598,2668.008173,1457.738153,779.6197144,1149.955282,1149.955282,1522.127816,280.6691635,2646.249651,41479.39473,0,1.245094328,254.4754916,0,0,37975.48846215652,8592.049849717392,5547.5357229043475,1687.531002173913,1826.3609399869565,0,3503.210731504348,8702.062974213044,0,2509.9023981043474,1099.9572262608694,549.2896031652174,0,1656.7823901913046,0,0,14.145354256800001,616.2732557443478,0,0,74280.5899103794,1070.057351834352
